/*
SQLyog Ultimate v12.09 (64 bit)
MySQL - 5.7.17-log : Database - crm_ex
*********************************************************************
*/

/*!40101 SET NAMES utf8 */;

/*!40101 SET SQL_MODE=''*/;

/*!40014 SET @OLD_UNIQUE_CHECKS=@@UNIQUE_CHECKS, UNIQUE_CHECKS=0 */;
/*!40014 SET @OLD_FOREIGN_KEY_CHECKS=@@FOREIGN_KEY_CHECKS, FOREIGN_KEY_CHECKS=0 */;
/*!40101 SET @OLD_SQL_MODE=@@SQL_MODE, SQL_MODE='NO_AUTO_VALUE_ON_ZERO' */;
/*!40111 SET @OLD_SQL_NOTES=@@SQL_NOTES, SQL_NOTES=0 */;
CREATE DATABASE /*!32312 IF NOT EXISTS*/`crm_ex` /*!40100 DEFAULT CHARACTER SET utf8 */;

USE `crm_ex`;

/*Table structure for table `tbl_customer` */

DROP TABLE IF EXISTS `tbl_customer`;

CREATE TABLE `tbl_customer` (
  `id` varchar(32) NOT NULL,
  `createdate` datetime DEFAULT NULL,
  `modifydate` datetime DEFAULT NULL,
  `code` varchar(32) DEFAULT NULL COMMENT '客户编号',
  `name` varchar(50) NOT NULL,
  `region` varchar(50) DEFAULT NULL,
  `manager` varchar(20) DEFAULT NULL,
  `sa` int(1) DEFAULT NULL,
  `redit` int(1) DEFAULT NULL,
  `level` varchar(32) DEFAULT NULL,
  `tel` varchar(20) DEFAULT NULL,
  `addr` varchar(100) DEFAULT NULL,
  `web` varchar(50) DEFAULT NULL,
  `memo` varchar(500) DEFAULT NULL,
  `status` varchar(20) DEFAULT NULL COMMENT '0:正常 1：流失',
  `source` varchar(32) DEFAULT NULL COMMENT '客户来源',
  `uid` varchar(32) DEFAULT NULL COMMENT '客户经理',
  `ctid` varchar(32) DEFAULT NULL COMMENT '客户类型',
  PRIMARY KEY (`id`),
  KEY `uid` (`uid`),
  KEY `ctid` (`ctid`),
  CONSTRAINT `tbl_customer_ibfk_1` FOREIGN KEY (`uid`) REFERENCES `tbl_user` (`id`),
  CONSTRAINT `tbl_customer_ibfk_2` FOREIGN KEY (`ctid`) REFERENCES `tbl_customer_type` (`id`)
) ENGINE=InnoDB DEFAULT CHARSET=utf8;

/*Data for the table `tbl_customer` */

insert  into `tbl_customer`(`id`,`createdate`,`modifydate`,`code`,`name`,`region`,`manager`,`sa`,`redit`,`level`,`tel`,`addr`,`web`,`memo`,`status`,`source`,`uid`,`ctid`) values ('cst20190801172808','2019-08-04 09:38:47','2019-08-07 09:38:55',NULL,'江苏教育科教有限公司-1','常州','樊建华',1,NULL,'ct1001','18961297987','江苏.常州','http://www.czteach.com','测试客户信息','1',NULL,NULL,NULL),('cst20190802110140','2019-08-04 09:38:51','2019-08-15 09:38:59',NULL,'江苏教育科教有限公司-2',NULL,'tom',NULL,NULL,'ct1002','110','总经理',NULL,NULL,'0',NULL,NULL,NULL),('cst20190802110141','2019-08-04 09:38:53','2019-08-22 09:39:02',NULL,'江苏教育科教有限公司-3',NULL,NULL,NULL,NULL,'ct1003',NULL,NULL,NULL,NULL,'1',NULL,NULL,NULL),('cst20190802110142','2019-08-03 09:39:05','2019-08-09 09:39:09',NULL,'江苏教育科教有限公司-4',NULL,NULL,NULL,NULL,'ct1001',NULL,NULL,NULL,NULL,'1',NULL,NULL,NULL),('cst20190823095236',NULL,NULL,NULL,'江苏教育科教有限公司-5',NULL,'32332',NULL,NULL,NULL,'33232','323232',NULL,NULL,'0',NULL,NULL,NULL),('cst20190823095241',NULL,NULL,NULL,'江苏教育科教有限公司-6',NULL,'32332',NULL,NULL,NULL,'33232','323232',NULL,NULL,'0',NULL,NULL,NULL),('cst20190823095305',NULL,NULL,NULL,'江苏教育科教有限公司-7',NULL,'32332',NULL,NULL,NULL,'33232','323232',NULL,NULL,'0',NULL,NULL,NULL);

/*Table structure for table `tbl_customer_communication` */

DROP TABLE IF EXISTS `tbl_customer_communication`;

CREATE TABLE `tbl_customer_communication` (
  `id` varchar(32) NOT NULL,
  `createdate` datetime DEFAULT NULL,
  `updatedate` datetime DEFAULT NULL,
  `title` varchar(300) DEFAULT NULL COMMENT '主题',
  `status` int(11) DEFAULT NULL COMMENT '状态',
  `addr` varchar(32) DEFAULT NULL COMMENT '交流地点',
  `memo` varchar(1024) DEFAULT NULL COMMENT '交流内容',
  `result` varchar(1023) DEFAULT NULL COMMENT '结果',
  `cid` varchar(32) DEFAULT NULL COMMENT '客户ID',
  `cuid` varchar(32) DEFAULT NULL COMMENT '创建人员',
  `ccreatedate` datetime DEFAULT NULL,
  `duid` varchar(32) DEFAULT NULL COMMENT '交流人员',
  `dcreatedate` datetime DEFAULT NULL COMMENT '交流时间',
  PRIMARY KEY (`id`),
  KEY `fk_communication_cid` (`cid`),
  KEY `fk_communication_uid` (`cuid`),
  KEY `duid` (`duid`),
  CONSTRAINT `fk_communication_cid` FOREIGN KEY (`cid`) REFERENCES `tbl_customer` (`id`),
  CONSTRAINT `fk_communication_uid` FOREIGN KEY (`cuid`) REFERENCES `tbl_user` (`id`),
  CONSTRAINT `tbl_customer_communication_ibfk_1` FOREIGN KEY (`duid`) REFERENCES `tbl_user` (`id`)
) ENGINE=InnoDB DEFAULT CHARSET=utf8;

/*Data for the table `tbl_customer_communication` */

insert  into `tbl_customer_communication`(`id`,`createdate`,`updatedate`,`title`,`status`,`addr`,`memo`,`result`,`cid`,`cuid`,`ccreatedate`,`duid`,`dcreatedate`) values ('20190802090930',NULL,NULL,NULL,NULL,'fdsa','fdsafdsafdsafas',NULL,'cst20190801172808','0c9f7ee9243111e990d23c970e4745df',NULL,NULL,NULL),('clc20190802091430',NULL,NULL,NULL,NULL,'江苏常州','发大水嚅艺术团哈士奇工魂牵梦萦',NULL,'cst20190801172808','0c9f7ee9243111e990d23c970e4745df',NULL,NULL,NULL),('clc20190802091803',NULL,NULL,NULL,NULL,'魂牵梦萦','魂牵梦萦',NULL,'cst20190801172808','0c9f7ee9243111e990d23c970e4745df',NULL,NULL,NULL),('clc20190802091929',NULL,NULL,NULL,NULL,'魂牵梦萦','魂牵梦萦城区发大水魂牵梦萦城区',NULL,'cst20190801172808','0c9f7ee9243111e990d23c970e4745df',NULL,NULL,NULL),('clc20190802092006',NULL,NULL,NULL,NULL,'魂牵梦萦fd','a村魂牵梦萦城区魂牵梦萦城区',NULL,'cst20190801172808','0c9f7ee9243111e990d23c970e4745df',NULL,NULL,NULL),('clc20190807105556',NULL,NULL,NULL,NULL,'dsfs','fdsfdsfsdfds',NULL,'cst20190802110141','0c9f7ee9243111e990d23c970e4745df',NULL,NULL,NULL);

/*Table structure for table `tbl_customer_linkman` */

DROP TABLE IF EXISTS `tbl_customer_linkman`;

CREATE TABLE `tbl_customer_linkman` (
  `id` varchar(32) NOT NULL,
  `createdate` datetime DEFAULT NULL,
  `updatedate` datetime DEFAULT NULL,
  `name` varchar(32) DEFAULT NULL,
  `gender` varchar(20) NOT NULL,
  `tel1` varchar(20) DEFAULT NULL,
  `tel2` varchar(100) DEFAULT NULL,
  `tel3` varchar(20) NOT NULL,
  `memo` varchar(20) DEFAULT NULL,
  `cid` varchar(32) DEFAULT NULL,
  PRIMARY KEY (`id`),
  KEY `FK_fk_linkman` (`name`),
  KEY `cid` (`cid`),
  CONSTRAINT `tbl_customer_linkman_ibfk_1` FOREIGN KEY (`cid`) REFERENCES `tbl_customer` (`id`)
) ENGINE=InnoDB DEFAULT CHARSET=utf8;

/*Data for the table `tbl_customer_linkman` */

/*Table structure for table `tbl_customer_lost_communication` */

DROP TABLE IF EXISTS `tbl_customer_lost_communication`;

CREATE TABLE `tbl_customer_lost_communication` (
  `id` varchar(32) NOT NULL,
  `createdate` datetime DEFAULT NULL,
  `updatedate` datetime DEFAULT NULL,
  `addr` varchar(32) DEFAULT NULL COMMENT '交流地点',
  `memo` varchar(1024) DEFAULT NULL COMMENT '交流内容',
  `cid` varchar(32) DEFAULT NULL COMMENT '客户ID',
  `uid` varchar(32) DEFAULT NULL COMMENT '参与的交流的工作人员',
  KEY `cid` (`cid`),
  KEY `uid` (`uid`),
  CONSTRAINT `tbl_customer_lost_communication_ibfk_1` FOREIGN KEY (`cid`) REFERENCES `tbl_customer` (`id`),
  CONSTRAINT `tbl_customer_lost_communication_ibfk_2` FOREIGN KEY (`uid`) REFERENCES `tbl_user` (`id`)
) ENGINE=InnoDB DEFAULT CHARSET=utf8;

/*Data for the table `tbl_customer_lost_communication` */

insert  into `tbl_customer_lost_communication`(`id`,`createdate`,`updatedate`,`addr`,`memo`,`cid`,`uid`) values ('lcst20190824095357',NULL,NULL,'中成药','城区魂牵梦萦城区魂牵梦萦','cst20190801172808','0c9f7ee9243111e990d23c970e4745df');

/*Table structure for table `tbl_customer_type` */

DROP TABLE IF EXISTS `tbl_customer_type`;

CREATE TABLE `tbl_customer_type` (
  `id` varchar(32) NOT NULL,
  `createdate` datetime DEFAULT NULL,
  `modifydate` datetime DEFAULT NULL,
  `name` varchar(100) DEFAULT NULL,
  `memo` varchar(500) DEFAULT NULL,
  PRIMARY KEY (`id`)
) ENGINE=InnoDB DEFAULT CHARSET=utf8;

/*Data for the table `tbl_customer_type` */

insert  into `tbl_customer_type`(`id`,`createdate`,`modifydate`,`name`,`memo`) values ('ct1001','2019-08-03 10:44:21','2019-08-03 10:44:22','中型客户',NULL),('ct1002','2019-08-03 10:44:24','2019-08-03 10:44:26','大客户',NULL),('ct1003','2019-08-03 10:44:28','2019-08-03 10:44:30','优质客户',NULL),('ct1004','2019-08-03 10:44:38','2019-08-03 10:44:40','战略合作伙伴',NULL),('cy1000','2019-08-03 10:44:17','2019-08-03 10:44:19','小客户',NULL);

/*Table structure for table `tbl_opt_log` */

DROP TABLE IF EXISTS `tbl_opt_log`;

CREATE TABLE `tbl_opt_log` (
  `id` varchar(32) NOT NULL,
  `url` varchar(128) DEFAULT NULL COMMENT '操作资源',
  `ip` varchar(32) DEFAULT NULL COMMENT '操作IP',
  `datas` text COMMENT '请求数据',
  `user` varchar(100) DEFAULT NULL COMMENT '操作者',
  `date` datetime DEFAULT NULL COMMENT '操作日期',
  `ret` varchar(10) DEFAULT NULL COMMENT '操作结果',
  PRIMARY KEY (`id`)
) ENGINE=InnoDB DEFAULT CHARSET=utf8;

/*Data for the table `tbl_opt_log` */

insert  into `tbl_opt_log`(`id`,`url`,`ip`,`datas`,`user`,`date`,`ret`) values ('.op1567425289620','http://127.0.0.1/user/user_main_view','127.0.0.1',NULL,'rose','2019-09-02 11:54:30','ok'),('.op1567425314103','http://127.0.0.1/user/user_menu','127.0.0.1',NULL,'rose','2019-09-02 11:55:11','ok'),('0026ffca8d144d5aa7c02e548e27bfe2','http://127.0.0.1/customer/customer_view','127.0.0.1',NULL,'rose','2019-09-02 08:23:55','ok'),('00273d00967c42e9909077ba310d3517','http://127.0.0.1/sale/sale_chance_pager','127.0.0.1',NULL,'rose','2019-09-02 09:41:45','ok'),('0071c305534e4204a28c4b5c0423773d','http://127.0.0.1/500.html','127.0.0.1',NULL,'rose','2019-09-02 08:48:43','ok'),('01556880afd0484fbf030d296b868a0d','http://127.0.0.1/sale/sale_chance_view','127.0.0.1',NULL,'rose','2019-09-02 11:38:33','ok'),('0389b2cbcae14acba090aba6fd436c11','http://127.0.0.1/sale/sale_chance_pager','127.0.0.1',NULL,'rose','2019-09-02 11:40:54','ok'),('0450c3a2e46541afbb80f3646237e1b9','http://127.0.0.1/service/listpager.do','127.0.0.1',NULL,'rose','2019-09-02 09:03:49','ok'),('05421e8dd77848ccaeae828e236a5b3f','http://127.0.0.1/sale/sale_chance_pager','127.0.0.1',NULL,'rose','2019-09-02 09:22:23','ok'),('05cff37e06704e3aa7a45e055254cad1','http://127.0.0.1/service/listview','127.0.0.1',NULL,'rose','2019-09-02 08:36:47','ok'),('063631ab934746db855911fdc2181ba7','http://127.0.0.1/role/role_list','127.0.0.1',NULL,'rose','2019-09-02 09:03:58','ok'),('069192a5b87442f68857c06af029f9b5','http://127.0.0.1/user/user_pager','127.0.0.1',NULL,'rose','2019-09-02 09:36:12','ok'),('06b2ca2c8b9c466a9831ccf883144aff','http://127.0.0.1/404.html','127.0.0.1',NULL,'rose','2019-09-02 08:15:54','ok'),('08090cb6c0f64f728eb1a1d0115067ac','http://127.0.0.1/sale/sale_chance_view','127.0.0.1',NULL,'rose','2019-09-02 08:23:29','ok'),('0853a99406da423194943a97ad7c88ef','http://127.0.0.1/500.html','127.0.0.1',NULL,'rose','2019-09-02 08:23:56','ok'),('087d179eb75b4ef0b2f784b76f8378ec','http://127.0.0.1/sale/sale_plan_view','127.0.0.1',NULL,'rose','2019-09-02 09:51:07','ok'),('08ac4b00dca74739a01784fde81005d0','http://127.0.0.1/service/listview','127.0.0.1',NULL,'rose','2019-09-02 11:38:16','ok'),('08e8764ab94a4d79ba74f722f651da60','http://127.0.0.1/sale/sale_chance_pager','127.0.0.1',NULL,'rose','2019-09-02 09:30:49','ok'),('09fdefe1b4394926922d0fba8954cae9','http://127.0.0.1/user/user_main_view','127.0.0.1',NULL,'rose','2019-09-02 09:21:47','ok'),('0af1bdbec92c40dcbee8e761e5f36e6d','http://127.0.0.1/customer/customer_pager','127.0.0.1',NULL,'rose','2019-09-02 09:03:41','ok'),('0b65461269f946a5b7234637d87bfc40','http://127.0.0.1/500.html','127.0.0.1',NULL,'rose','2019-09-02 08:12:21','ok'),('0c0747802d6d4dfc8141e0bfa1a21773','http://127.0.0.1/404.html','127.0.0.1',NULL,'rose','2019-09-02 09:04:03','ok'),('0c7bfc4b89054f728bd3ca0b5ed4222f','http://127.0.0.1/500.html','127.0.0.1',NULL,'rose','2019-09-02 08:57:52','ok'),('0d3043a43bb9461cb0ee61954bb7f89b','http://127.0.0.1/user/user_main_view','127.0.0.1',NULL,'rose','2019-09-02 08:22:56','ok'),('0d3d2d3568094794bbf5c6a1bf146c4a','http://127.0.0.1/sale/sale_chance_pager','127.0.0.1',NULL,'rose','2019-09-02 09:41:40','ok'),('0d597dcf70e94aa3b51745b614c86f66','http://127.0.0.1/sale/sale_chance_pager','127.0.0.1',NULL,'rose','2019-09-02 11:38:33','ok'),('0d612751087742188054b738bbdd6dc2','http://127.0.0.1/service/listview','127.0.0.1',NULL,'rose','2019-09-02 08:23:23','ok'),('0e06139245e844e9b5329ca6312cb269','http://127.0.0.1/customer/customer_view','127.0.0.1',NULL,'rose','2019-09-02 08:23:19','ok'),('0e8cacb980c749fca622940164dd7045','http://127.0.0.1/sale/sale_chance_view','127.0.0.1',NULL,'rose','2019-09-02 09:45:10','ok'),('0ef774bc310c43f1a5509149d030a608','http://127.0.0.1/user/user_menu','127.0.0.1',NULL,'rose','2019-09-02 08:21:52','ok'),('0f3ff927f555416191a50ac2c8c6dbc0','http://127.0.0.1/user/user_menu','127.0.0.1',NULL,'rose','2019-09-02 08:48:39','ok'),('0f97aa0fb4a9421ab0cbc38640c6bada','http://127.0.0.1/sale/sale_chance_view','127.0.0.1',NULL,'rose','2019-09-02 09:01:16','ok'),('0fa9432b49f54631b5acb37a23c0393b','http://127.0.0.1/404.html','127.0.0.1',NULL,'rose','2019-09-02 08:46:52','ok'),('0fb5d34cd16042a68a1b2fed0a0df01d','http://127.0.0.1/sale/sale_chance_pager','127.0.0.1',NULL,'rose','2019-09-02 09:37:57','ok'),('100e1b892fbd4d0e9c662c7cdb33b0f2','http://127.0.0.1/user/user_menu','127.0.0.1',NULL,'rose','2019-09-02 08:46:52','ok'),('10a3122540df4a70a0b78ee4e6823f2d','http://127.0.0.1/sale/sale_chance_view','127.0.0.1',NULL,'rose','2019-09-02 11:38:23','ok'),('111b288d061741fd8ff4edb9372f7b76','http://127.0.0.1/customer/customer_view','127.0.0.1',NULL,'rose','2019-09-02 11:37:08','ok'),('11b101fbfa154e8d8ad0ad101ae84b80','http://127.0.0.1/sale/sale_plan_view','127.0.0.1',NULL,'rose','2019-09-02 09:40:09','ok'),('11b70d65b8da465db43d36efa9092226','http://127.0.0.1/user/user_main_view','127.0.0.1',NULL,'rose','2019-09-02 10:45:29','ok'),('124b5fe6933044aa84b801304d2655a2','http://127.0.0.1/500.html','127.0.0.1',NULL,'rose','2019-09-02 08:04:44','ok'),('1343d007925241658255c394d060acb2','http://127.0.0.1/customer/customer_detail.do','127.0.0.1',NULL,'rose','2019-09-02 11:38:17','ok'),('138ca0e3e59c4a8491a075f601650c52','http://127.0.0.1/sale/sale_chance_view','127.0.0.1',NULL,'rose','2019-09-02 09:37:57','ok'),('140108e0d9244b9d8bcb57492ac76f7f','http://127.0.0.1/sale/sale_chance_view','127.0.0.1',NULL,'rose','2019-09-02 09:39:32','ok'),('1498e535c37d46caab19af848e2c7c6e','http://127.0.0.1/sale/sale_chance_pager','127.0.0.1',NULL,'rose','2019-09-02 09:37:55','ok'),('14b6cc0aaece4970963f96705b790d68','http://127.0.0.1/sale/sale_plan_view','127.0.0.1',NULL,'rose','2019-09-02 09:34:30','ok'),('14d6b9ef856547ea8565864a75e003ee','http://127.0.0.1/user/user_menu','127.0.0.1',NULL,'rose','2019-09-02 09:54:25','ok'),('1538ae10ab60468c9f9285d9cd21541d','http://127.0.0.1/sale/sale_chance_pager','127.0.0.1',NULL,'rose','2019-09-02 11:38:33','ok'),('17714579a54c4e78b5e52088aedb295a','http://127.0.0.1/500.html','127.0.0.1',NULL,'rose','2019-09-02 08:24:34','ok'),('17b08c178557478999a4a816b088d140','http://127.0.0.1/sale/sale_chance_view','127.0.0.1',NULL,'rose','2019-09-02 09:49:56','ok'),('17b2bc4ad90a4e15b009cf25d4c862ea','http://127.0.0.1/sale/sale_chance_pager','127.0.0.1',NULL,'rose','2019-09-02 09:34:32','ok'),('1885513645cd4db5885bf9a9d8dc9970','http://127.0.0.1/500.html','127.0.0.1',NULL,'rose','2019-09-02 08:23:20','ok'),('18c59f8352eb466a93368da6a87efb9f','http://127.0.0.1/sale/sale_chance_pager','127.0.0.1',NULL,'rose','2019-09-02 11:38:32','ok'),('19418d1e1578403db188f19251c861ed','http://127.0.0.1/user/user_detail','127.0.0.1',NULL,'rose','2019-09-02 11:38:18','ok'),('19d00402199d4987ae0b069aea3e0fd8','http://127.0.0.1/sale/sale_chance_view','127.0.0.1',NULL,'rose','2019-09-02 09:29:23','ok'),('19e111354f18463ebc747c50e7033cf2','http://127.0.0.1/customer/customer_lost_view','127.0.0.1',NULL,'rose','2019-09-02 08:23:57','ok'),('1a30e16871974ef3ac91c545b970ae4c','http://127.0.0.1/resource/pager','127.0.0.1',NULL,'rose','2019-09-02 09:04:03','ok'),('1a311f98f59e49aa97f2715e2b44dbb8','http://127.0.0.1/sale/sale_plan_view','127.0.0.1',NULL,'rose','2019-09-02 08:36:40','ok'),('1b1f4f3a9d1d47e2a804ae723e5a55fd','http://127.0.0.1/sale/sale_chance_pager','127.0.0.1',NULL,'rose','2019-09-02 09:29:21','ok'),('1b21df75d8a44a7e88e0bedeee0885e9','http://127.0.0.1/user/user_menu','127.0.0.1',NULL,'rose','2019-09-02 11:37:06','ok'),('1ce18d8f0af84a03a903ee548ace71c3','http://127.0.0.1/customer/customer_detail.do','127.0.0.1',NULL,'rose','2019-09-02 11:38:17','ok'),('1dbdb363f14145baa51ee10210736507','http://127.0.0.1/sale/sale_chance_pager','127.0.0.1',NULL,'rose','2019-09-02 11:38:30','ok'),('1df769d7d98e4073b8be31a0bc6dc0e6','http://127.0.0.1/sale/sale_chance_pager','127.0.0.1',NULL,'rose','2019-09-02 11:38:40','ok'),('1e169359e9a5481e951b389de6fae60e','http://127.0.0.1/sale/sale_chance_view','127.0.0.1',NULL,'rose','2019-09-02 09:16:32','ok'),('1e6fe09d94644703abc4b1460a5b99e0','http://127.0.0.1/sale/sale_chance_pager','127.0.0.1',NULL,'rose','2019-09-02 09:48:29','ok'),('1ef606a4680744f9b48a4f8df08686df','http://127.0.0.1/sale/sale_chance_pager','127.0.0.1',NULL,'rose','2019-09-02 11:38:31','ok'),('206c13bad9284af0a09b93c6cd02f8cf','http://127.0.0.1/user/user_main_view','127.0.0.1',NULL,'rose','2019-09-02 11:37:05','ok'),('20e4cd470aa24282bf8bd26b70307b80','http://127.0.0.1/sale/sale_chance_pager','127.0.0.1',NULL,'rose','2019-09-02 09:39:31','ok'),('219e48b28388402ba8b052b7359874d3','http://127.0.0.1/customer/customer_view','127.0.0.1',NULL,'rose','2019-09-02 08:23:58','ok'),('221c88530bd3456fa06c14c491fef98c','http://127.0.0.1/sale/sale_chance_view','127.0.0.1',NULL,'rose','2019-09-02 09:20:22','ok'),('221c8dbc4446442eb3aa374541c5ac89','http://127.0.0.1/500.html','127.0.0.1',NULL,'rose','2019-09-02 11:37:18','ok'),('22b6afa1c8514443a00d0c056f6e9f97','http://127.0.0.1/sale/sale_chance_pager','127.0.0.1',NULL,'rose','2019-09-02 09:45:09','ok'),('23009a5ee3d9457d9cdee02669c56b36','http://127.0.0.1/404.html','127.0.0.1',NULL,'rose','2019-09-02 08:20:22','ok'),('23934d87e39b43379f5430bde6c97dd6','http://127.0.0.1/sale/sale_chance_view','127.0.0.1',NULL,'rose','2019-09-02 08:23:13','ok'),('2411a9cfb7e640fdb76a0febe972fe2a','http://127.0.0.1/user/user_menu','127.0.0.1',NULL,'rose','2019-09-02 08:36:30','ok'),('249850e5c8484c988366a672a060bd04','http://127.0.0.1/service/detailview','127.0.0.1',NULL,'rose','2019-09-02 11:38:19','ok'),('2681a94a52f2450fad9bd4e10c7740d3','http://127.0.0.1/service/fileview','127.0.0.1',NULL,'rose','2019-09-02 11:38:21','ok'),('2740eefca4394b73ac577f8a9d4c6f44','http://127.0.0.1/sale/sale_chance_pager','127.0.0.1',NULL,'rose','2019-09-02 10:21:22','ok'),('27da535e6e094082b67b5bc909fd2ec6','http://127.0.0.1/404.html','127.0.0.1',NULL,'rose','2019-09-02 09:20:21','ok'),('29735a8560cd42b5ab55947271b5b768','http://127.0.0.1/500.html','127.0.0.1',NULL,'rose','2019-09-02 08:30:53','ok'),('2a3fd92a5afe448a862c51547dd4aa19','http://127.0.0.1/404.html','127.0.0.1',NULL,'rose','2019-09-02 11:38:18','ok'),('2ab9c17758de44baacde509aeb5d8ab6','http://127.0.0.1/sale/sale_chance_pager','127.0.0.1',NULL,'rose','2019-09-02 09:30:51','ok'),('2b54c4e0eb6e4bd3a26d90072e0b87b0','http://127.0.0.1/user/user_menu','127.0.0.1',NULL,'rose','2019-09-02 10:16:33','ok'),('2bc322bfe6344a49973ec1367676614e','http://127.0.0.1/404.html','127.0.0.1',NULL,'rose','2019-09-02 08:52:51','ok'),('2be4c7b9c6694b11873d7cd6e2c9366b','http://127.0.0.1/user/user_menu','127.0.0.1',NULL,'rose','2019-09-02 08:52:51','ok'),('2c394cafeecf40d2990fef255e2d939c','http://127.0.0.1/500.html','127.0.0.1',NULL,'rose','2019-09-02 08:24:26','ok'),('2d73e27cd320477c999f9a8699c8234a','http://127.0.0.1/resource/resource_view','127.0.0.1',NULL,'rose','2019-09-02 09:04:03','ok'),('2ee105a7147a40f49c9029834c032547','http://127.0.0.1/sale/sale_chance_saveorupdate','127.0.0.1',NULL,'rose','2019-09-02 10:19:43','ok'),('302c7ca513054e10bb96f0307b30aad7','http://127.0.0.1/user/user_main_view','127.0.0.1',NULL,'rose','2019-09-02 08:22:06','ok'),('30628c6dce514659a30cbcb60139c67a','http://127.0.0.1/404.html','127.0.0.1',NULL,'rose','2019-09-02 09:54:25','ok'),('306407a68b9e4a5183b103dfa1a76dba','http://127.0.0.1/user/user_menu','127.0.0.1',NULL,'rose','2019-09-02 08:15:07','ok'),('30722f135ca944dcb6f2edeebb272a5b','http://127.0.0.1/customer/customer_lost_view','127.0.0.1',NULL,'rose','2019-09-02 11:38:09','ok'),('30dfb4180e4e4643ad0093a3e5780913','http://127.0.0.1/user/user_main_view','127.0.0.1',NULL,'rose','2019-09-02 08:52:50','ok'),('31cf9ca1897645cc8376c84cab46e4d0','http://127.0.0.1/sale/sale_chance_pager','127.0.0.1',NULL,'rose','2019-09-02 10:22:11','ok'),('31d3b057dcaa42d6a99d594e505bae92','http://127.0.0.1/sale/sale_chance_pager','127.0.0.1',NULL,'rose','2019-09-02 10:16:42','ok'),('3257aa95b8d8460a81deb95093ab1024','http://127.0.0.1/user/user_main_view','127.0.0.1',NULL,'rose','2019-09-02 08:48:38','ok'),('3379e51200424a5c80f520aedcbd4c5e','http://127.0.0.1/sale/sale_chance_pager','127.0.0.1',NULL,'rose','2019-09-02 10:45:32','ok'),('340de5ca4cec49b3846bc87e9650b8a3','http://127.0.0.1/user/user_main_view','127.0.0.1',NULL,'rose','2019-09-02 09:21:04','ok'),('349ae1a097da459aac9d66a5de5c0e86','http://127.0.0.1/sale/sale_chance_pager','127.0.0.1',NULL,'rose','2019-09-02 09:49:57','ok'),('34c6cd885ccb4fd18dab8ddb5275994a','http://127.0.0.1/sale/sale_chance_pager','127.0.0.1',NULL,'rose','2019-09-02 09:30:26','ok'),('34c788d7cebd4c699a064206ce9ea96b','http://127.0.0.1/500.html','127.0.0.1',NULL,'rose','2019-09-02 08:55:33','ok'),('354b7d9ceb2a49af82ee13cf7eba1039','http://127.0.0.1/user/user_detail','127.0.0.1',NULL,'rose','2019-09-02 11:38:18','ok'),('35d9d280208d40cd94922d812d83a7dc','http://127.0.0.1/user/user_menu','127.0.0.1',NULL,'rose','2019-09-02 09:49:55','ok'),('36c13324a3a247e5b73d9abb3d24689e','http://127.0.0.1/user/user_menu','127.0.0.1',NULL,'rose','2019-09-02 11:39:42','ok'),('36d7d88b6fd441a68424462f5517a3ce','http://127.0.0.1/404.html','127.0.0.1',NULL,'rose','2019-09-02 08:45:39','ok'),('3858ac90e6744633876eb0e8bd551061','http://127.0.0.1/sale/sale_plan_view','127.0.0.1',NULL,'rose','2019-09-02 08:36:37','ok'),('385fffe7e8114032a782d77540e29fa1','http://127.0.0.1/sale/sale_chance_view','127.0.0.1',NULL,'rose','2019-09-02 09:38:29','ok'),('39c524e058604de5b19d912e3ae482a2','http://127.0.0.1/500.html','127.0.0.1',NULL,'rose','2019-09-02 11:37:32','ok'),('3af271a73b03438994a24ca0b11acd77','http://127.0.0.1/500.html','127.0.0.1',NULL,'rose','2019-09-02 08:30:17','ok'),('3b1a4c681d64418089e73893d8a3130e','http://127.0.0.1/404.html','127.0.0.1',NULL,'rose','2019-09-02 08:36:18','ok'),('3b3b20aec7264216b88917eb305970cb','http://127.0.0.1/customer/customer_detail.do','127.0.0.1',NULL,'rose','2019-09-02 11:38:17','ok'),('3b7e74c420f14a9798312407907bb4fe','http://127.0.0.1/customer/customer_communication_pager','127.0.0.1',NULL,'rose','2019-09-02 11:37:37','ok'),('3b94470e89294c529b1c8e8f2d04076e','http://127.0.0.1/500.html','127.0.0.1',NULL,'rose','2019-09-02 10:14:02','ok'),('3d8f6df5f33e4235b6c3b24faf173a29','http://127.0.0.1/500.html','127.0.0.1',NULL,'rose','2019-09-02 08:33:59','ok'),('3e4bcab55d07462593e0fd656a7837a5','http://127.0.0.1/500.html','127.0.0.1',NULL,'rose','2019-09-02 10:02:09','ok'),('3eaa5ce7ec0249eba6045bb2770a0f43','http://127.0.0.1/sale/sale_chance_view','127.0.0.1',NULL,'rose','2019-09-02 08:46:55','ok'),('3eeed64fe08244c6956c5c99bb72c629','http://127.0.0.1/sale/sale_chance_view','127.0.0.1',NULL,'rose','2019-09-02 10:21:21','ok'),('3f92e37964b4450b9ba32692d5a1626e','http://127.0.0.1/user/user_menu','127.0.0.1',NULL,'rose','2019-09-02 10:45:30','ok'),('3fc7d926dc6e413f86d2046c63cfc3b6','http://127.0.0.1/user/user_pager','127.0.0.1',NULL,'rose','2019-09-02 09:03:58','ok'),('4052e0c34bfc43a692694805e8510155','http://127.0.0.1/sale/sale_chance_pager','127.0.0.1',NULL,'rose','2019-09-02 09:36:09','ok'),('42ac864ccbd34378869d162d38ebef59','http://127.0.0.1/user/user_main_view','127.0.0.1',NULL,'rose','2019-09-02 10:01:36','ok'),('42b98ce839da4f61b6176bf92729bc5a','http://127.0.0.1/sale/sale_chance_saveorupdate','127.0.0.1',NULL,'rose','2019-09-02 11:40:53','ok'),('43ee776135194fc39f86a18e31adf263','http://127.0.0.1/404.html','127.0.0.1',NULL,'rose','2019-09-02 11:38:20','ok'),('43f2e1a6b66c4898b1dbf5cd3ee116ef','http://127.0.0.1/sale/sale_chance_view','127.0.0.1',NULL,'rose','2019-09-02 08:24:00','ok'),('45e545346ae849ec869c16af318c0b39','http://127.0.0.1/sale/sale_chance_pager','127.0.0.1',NULL,'rose','2019-09-02 09:21:51','ok'),('4631cd1f7d2d40d481ef117b8ebd667c','http://127.0.0.1/sale/sale_chance_pager','127.0.0.1',NULL,'rose','2019-09-02 09:34:29','ok'),('4688cd3569e341228be8030fc8d224e5','http://127.0.0.1/optlog/optlog_view','127.0.0.1',NULL,'rose','2019-09-02 09:04:24','ok'),('46d8a1aceb224d03ab720013d10f6598','http://127.0.0.1/sale/sale_plan_view','127.0.0.1',NULL,'rose','2019-09-02 08:38:33','ok'),('4ae69ab2248a4fe0b3e28210c17a3def','http://127.0.0.1/customer/customer_pager','127.0.0.1',NULL,'rose','2019-09-02 10:45:47','ok'),('4b2e390ed9f24ecb8f6e20ad3df2dc5f','http://127.0.0.1/sale/sale_plan_view','127.0.0.1',NULL,'rose','2019-09-02 09:52:25','ok'),('4b65447a3a1d427ca4f6b57c11c92bfb','http://127.0.0.1/500.html','127.0.0.1',NULL,'rose','2019-09-02 08:12:06','ok'),('4b6b8635870f4fe4b6ffd3b970de9f53','http://127.0.0.1/user/user_detail','127.0.0.1',NULL,'rose','2019-09-02 11:38:17','ok'),('4ed4d47b6c6348c2b51967c7b871e521','http://127.0.0.1/500.html','127.0.0.1',NULL,'rose','2019-09-02 08:24:25','ok'),('4ef0888e56154020ac27b0528ecc76ed','http://127.0.0.1/sale/sale_chance_pager','127.0.0.1',NULL,'rose','2019-09-02 09:30:52','ok'),('50c6bb1c39fa4b14a9e3ca9fc02b6e33','http://127.0.0.1/sale/sale_chance_pager','127.0.0.1',NULL,'rose','2019-09-02 09:21:06','ok'),('50ef79d7e43e4d028f389f7124323d61','http://127.0.0.1/user/user_menu','127.0.0.1',NULL,'rose','2019-09-02 09:21:05','ok'),('5106c22359034f77a0c48cde3c243c28','http://127.0.0.1/500.html','127.0.0.1',NULL,'rose','2019-09-02 08:23:15','ok'),('5106e171205d47b188133c3b81f473d1','http://127.0.0.1/customer/customer_pager','127.0.0.1',NULL,'rose','2019-09-02 09:29:28','ok'),('516edff3a8f845eabae6d6108d019720','http://127.0.0.1/sale/sale_chance_pager','127.0.0.1',NULL,'rose','2019-09-02 09:03:37','ok'),('517002f4454d4f8fbbb5e91dfc6fd2ad','http://127.0.0.1/sale/sale_chance_pager','127.0.0.1',NULL,'rose','2019-09-02 09:38:30','ok'),('51aa6973fb1a454da6ee65d4658c17c4','http://127.0.0.1/404.html','127.0.0.1',NULL,'rose','2019-09-02 09:49:55','ok'),('526f9e0601d24129bb94de0738730323','http://127.0.0.1/user/user_menu','127.0.0.1',NULL,'rose','2019-09-02 09:20:21','ok'),('530d0098fcb54389b4d41872d5cef2b4','http://127.0.0.1/404.html','127.0.0.1',NULL,'rose','2019-09-02 11:38:19','ok'),('53a8d43daac941e09a2159b2cd6a7e64','http://127.0.0.1/service/listpager.do','127.0.0.1',NULL,'rose','2019-09-02 09:03:53','ok'),('53f94fb4583447e0a50dd6d79c480831','http://127.0.0.1/sale/sale_chance_pager','127.0.0.1',NULL,'rose','2019-09-02 09:40:08','ok'),('54b25b3b1e154e31987e2349d8d5b178','http://127.0.0.1/500.html','127.0.0.1',NULL,'rose','2019-09-02 08:24:01','ok'),('54e00df92e514a259101c404015dc657','http://127.0.0.1/role/role_view','127.0.0.1',NULL,'rose','2019-09-02 08:24:26','ok'),('54e21bf8572d4133b3cb656c261817e6','http://127.0.0.1/sale/sale_chance_pager','127.0.0.1',NULL,'rose','2019-09-02 09:30:22','ok'),('552146caf4b941d3bc9478815014de42','http://127.0.0.1/500.html','127.0.0.1',NULL,'rose','2019-09-02 08:55:08','ok'),('55d37f59052d4d9e9ecc0fca24c5f6bf','http://127.0.0.1/sale/sale_chance_pager','127.0.0.1',NULL,'rose','2019-09-02 09:38:28','ok'),('55dc69593eca470d991eb6f852730233','http://127.0.0.1/404.html','127.0.0.1',NULL,'rose','2019-09-02 09:21:49','ok'),('561720f1aeec40ebbb71a9849b34dcfa','http://127.0.0.1/sale/sale_chance_pager','127.0.0.1',NULL,'rose','2019-09-02 10:45:40','ok'),('565c160645e54d18972e731daada54aa','http://127.0.0.1/sale/sale_chance_pager','127.0.0.1',NULL,'rose','2019-09-02 09:54:53','ok'),('56a7b75f892c4dfdb811f1e3b3f74185','http://127.0.0.1/customer/customer_communication_pager','127.0.0.1',NULL,'rose','2019-09-02 11:37:42','ok'),('57ab3f921bb449768967134944e8835b','http://127.0.0.1/500.html','127.0.0.1',NULL,'rose','2019-09-02 10:04:23','ok'),('57d24b432e53456e972d27e0dd5c46d2','http://127.0.0.1/user/user_main_view','127.0.0.1',NULL,'rose','2019-09-02 09:01:13','ok'),('58977d6fdc16462fba363ffb183f5417','http://127.0.0.1/user/user_main_view','127.0.0.1',NULL,'rose','2019-09-02 09:20:19','ok'),('58a5df9028c84fd2ba27abb8fd25102e','http://127.0.0.1/500.html','127.0.0.1',NULL,'rose','2019-09-02 08:45:57','ok'),('58ab1e3b27fb49518e2deba823137615','http://127.0.0.1/user/user_view','127.0.0.1',NULL,'rose','2019-09-02 09:03:58','ok'),('594c024c4979473596494cf352dc60a1','http://127.0.0.1/404.html','127.0.0.1',NULL,'rose','2019-09-02 08:23:23','ok'),('59e675e4155646048e9c56c90638e7d3','http://127.0.0.1/sale/sale_chance_view','127.0.0.1',NULL,'rose','2019-09-02 09:51:10','ok'),('5e16b78b8c134f9a8e9980814894db58','http://127.0.0.1/customer/customer_lost_view','127.0.0.1',NULL,'rose','2019-09-02 11:37:18','ok'),('5e72484b5fbc42a28c161200b9b7e4ad','http://127.0.0.1/sale/sale_chance_view','127.0.0.1',NULL,'rose','2019-09-02 09:40:11','ok'),('5e74991a29964045bc23fffc19950081','http://127.0.0.1/sale/sale_chance_pager','127.0.0.1',NULL,'rose','2019-09-02 11:38:24','ok'),('5e9cd54f7ceb4f7f9d7727d02d80190a','http://127.0.0.1/404.html','127.0.0.1',NULL,'rose','2019-09-02 08:52:51','ok'),('5fca045da13141aabb5368c8ddea79ff','http://127.0.0.1/sale/sale_chance_pager','127.0.0.1',NULL,'rose','2019-09-02 09:22:17','ok'),('5ffc582e6beb4c2f891dea664965d983','http://127.0.0.1/customer/customer_pager','127.0.0.1',NULL,'rose','2019-09-02 09:38:32','ok'),('61d24aa042304ae3b005c5e64fbc25f1','http://127.0.0.1/customer/customer_view','127.0.0.1',NULL,'rose','2019-09-02 08:24:04','ok'),('61dda62c558340758b525f8aea707342','http://127.0.0.1/service/listpager.do','127.0.0.1',NULL,'rose','2019-09-02 11:38:16','ok'),('62c63635f4ef49c7b0d8d149af9dde25','http://127.0.0.1/user/user_main_view','127.0.0.1',NULL,'rose','2019-09-02 08:20:21','ok'),('62c97eda5c1444a5bfcf71418a950262','http://127.0.0.1/500.html','127.0.0.1',NULL,'rose','2019-09-02 08:36:37','ok'),('648b70d5373c4a49a2b6bd963a684cd8','http://127.0.0.1/user/user_main_view','127.0.0.1',NULL,'rose','2019-09-02 09:49:53','ok'),('648f6303aacb43f9ace3a262368aca72','http://127.0.0.1/service/listpager.do','127.0.0.1',NULL,'rose','2019-09-02 11:38:21','ok'),('6541e4baba084018883152d5af4b8e4a','http://127.0.0.1/user/user_pager','127.0.0.1',NULL,'rose','2019-09-02 09:34:35','ok'),('661cb98b88ce4daf8eef009495520105','http://127.0.0.1/user/user_pager','127.0.0.1',NULL,'rose','2019-09-02 09:31:14','ok'),('6642a32a2b2e411bb0047db94c70869a','http://127.0.0.1/500.html','127.0.0.1',NULL,'rose','2019-09-02 08:23:58','ok'),('66bba42502cf400ca5e756047f556df2','http://127.0.0.1/sale/sale_chance_pager','127.0.0.1',NULL,'rose','2019-09-02 11:38:31','ok'),('66ee6866640e4b09928deafe745dca2c','http://127.0.0.1/500.html','127.0.0.1',NULL,'rose','2019-09-02 08:36:43','ok'),('670ba1237c6b47b4b77d0643228ea49e','http://127.0.0.1/500.html','127.0.0.1',NULL,'rose','2019-09-02 08:06:23','ok'),('674cedcedacf4d7987b3c93146df88a5','http://127.0.0.1/sale/sale_chance_pager','127.0.0.1',NULL,'rose','2019-09-02 09:40:12','ok'),('67da496457d548369f45b31ecd46eca9','http://127.0.0.1/sale/sale_chance_pager','127.0.0.1',NULL,'rose','2019-09-02 09:51:10','ok'),('699048306da74cbba283ba115bd8c715','http://127.0.0.1/role/role_pager','127.0.0.1',NULL,'rose','2019-09-02 09:04:01','ok'),('6a8c2c4a00c546b3ad35a5aa0f2a19af','http://127.0.0.1/404.html','127.0.0.1',NULL,'rose','2019-09-02 09:16:25','ok'),('6b3c81fbeddf4b859c97dd0d22b06124','http://127.0.0.1/service/listpager.do','127.0.0.1',NULL,'rose','2019-09-02 08:36:48','ok'),('6b47473e676d4bd5a0d8eed793c9b19d','http://127.0.0.1/404.html','127.0.0.1',NULL,'rose','2019-09-02 09:03:49','ok'),('6d9a4cf76c154e44b2900572afb9ed5c','http://127.0.0.1/customer/customer_pager','127.0.0.1',NULL,'rose','2019-09-02 11:37:23','ok'),('6ef4de3ce3164c639ecae598c2d6b4f1','http://127.0.0.1/sale/sale_chance_pager','127.0.0.1',NULL,'rose','2019-09-02 09:36:05','ok'),('6ef928c7f2d24d0bb3089e50e871f006','http://127.0.0.1/sale/sale_plan_view','127.0.0.1',NULL,'rose','2019-09-02 09:48:28','ok'),('6f2c72511fbe4ae987d6dbcd157cf4e5','http://127.0.0.1/user/user_detail','127.0.0.1',NULL,'rose','2019-09-02 11:38:18','ok'),('6f55e7ffe0d548e59b343c61a85bccea','http://127.0.0.1/500.html','127.0.0.1',NULL,'rose','2019-09-02 08:36:45','ok'),('6fa6ac8142f84be6a64ad334d87e67e5','http://127.0.0.1/500.html','127.0.0.1',NULL,'rose','2019-09-02 08:31:15','ok'),('6fc2b376f90a4846a65f5d984e842fe0','http://127.0.0.1/500.html','127.0.0.1',NULL,'rose','2019-09-02 08:47:36','ok'),('718ebe365c1a404ab5a9163cf247d080','http://127.0.0.1/customer/customer_pager','127.0.0.1',NULL,'rose','2019-09-02 11:39:48','ok'),('72a1708a07274a268dca4f7257c00b1c','http://127.0.0.1/sale/sale_chance_pager','127.0.0.1',NULL,'rose','2019-09-02 09:29:24','ok'),('73a7bb7a99dc4fa99cdef39419a7378a','http://127.0.0.1/404.html','127.0.0.1',NULL,'rose','2019-09-02 11:38:21','ok'),('74d835215141413095d501dc2be38761','http://127.0.0.1/500.html','127.0.0.1',NULL,'rose','2019-09-02 08:13:52','ok'),('75e361a7347d493e9ad6021c51a1fdb2','http://127.0.0.1/404.html','127.0.0.1',NULL,'rose','2019-09-02 09:21:05','ok'),('7667ca7f6afd45c98ea2acb3158a2812','http://127.0.0.1/user/user_main_view','127.0.0.1',NULL,'rose','2019-09-02 10:21:18','ok'),('775447502dc7448f856a656efd22939a','http://127.0.0.1/sale/sale_chance_view','127.0.0.1',NULL,'rose','2019-09-02 10:01:38','ok'),('776daff21e6a40739b4678ff73b303bd','http://127.0.0.1/sale/sale_plan_view','127.0.0.1',NULL,'rose','2019-09-02 09:30:50','ok'),('78d29094911b4495822fd355a7fc6ff4','http://127.0.0.1/service/distributionview','127.0.0.1',NULL,'rose','2019-09-02 11:38:17','ok'),('7908fb0c8e7c4b208e7992763ab62f45','http://127.0.0.1/404.html','127.0.0.1',NULL,'rose','2019-09-02 08:36:18','ok'),('7a4e9bd9e7494d84b1321e13fd12a765','http://127.0.0.1/404.html','127.0.0.1',NULL,'rose','2019-09-02 11:38:16','ok'),('7abbf3bd86a140d78d0400b498227d75','http://127.0.0.1/500.html','127.0.0.1',NULL,'rose','2019-09-02 08:36:01','ok'),('7ad9898867784b799cc363abf059f6a0','http://127.0.0.1/user/user_main_view','127.0.0.1',NULL,'rose','2019-09-02 11:39:42','ok'),('7af99ce0ba934bac92742181009691fc','http://127.0.0.1/customer/customer_pager','127.0.0.1',NULL,'rose','2019-09-02 11:37:21','ok'),('7b66c2bd44634d66a8117a877742b0fe','http://127.0.0.1/sale/sale_chance_pager','127.0.0.1',NULL,'rose','2019-09-02 11:38:31','ok'),('7c1105f937ab4879b61f3d5422701276','http://127.0.0.1/sale/sale_chance_pager','127.0.0.1',NULL,'rose','2019-09-02 11:38:31','ok'),('7cd00ddbe9d7473a938a8c2b2fd91de3','http://127.0.0.1/sale/sale_chance_view','127.0.0.1',NULL,'rose','2019-09-02 09:48:31','ok'),('7d4baac23c824a4cb8c5b9a249b171e6','http://127.0.0.1/customer/customer_pager','127.0.0.1',NULL,'rose','2019-09-02 09:30:56','ok'),('7dc272840c52443694203a745fe031cc','http://127.0.0.1/bootstrap/js/bootstrap.min.js','127.0.0.1',NULL,'rose','2019-09-02 08:31:08','ok'),('7dd1217098834b5d8b75bc57c17d8df5','http://127.0.0.1/404.html','127.0.0.1',NULL,'rose','2019-09-02 09:20:21','ok'),('7f44b2989079472a9e72c8a600fe64ec','http://127.0.0.1/sale/sale_plan_view','127.0.0.1',NULL,'rose','2019-09-02 09:36:06','ok'),('7f53209ebe054ef78a4462f51514e8bf','http://127.0.0.1/customer/customer_pager','127.0.0.1',NULL,'rose','2019-09-02 11:37:08','ok'),('7f86e527f7aa41eb9d77b110d08702e0','http://127.0.0.1/service/listview','127.0.0.1',NULL,'rose','2019-09-02 09:03:47','ok'),('80f366ce60f443f3a054e04f4e87c386','http://127.0.0.1/sale/sale_chance_view','127.0.0.1',NULL,'rose','2019-09-02 10:45:32','ok'),('8105cbe4960c4dbe8e46fdbcc226882d','http://127.0.0.1/sale/sale_chance_view','127.0.0.1',NULL,'rose','2019-09-02 08:52:55','ok'),('82cea32e5dea42e4abcd07866ca42e4a','http://127.0.0.1/sale/sale_chance_view','127.0.0.1',NULL,'rose','2019-09-02 08:36:52','ok'),('83d5aa887d784609b9657a83cd0ab555','http://127.0.0.1/500.html','127.0.0.1',NULL,'rose','2019-09-02 07:55:14','ok'),('851e48d7e657407a9097eb9dfa74465d','http://127.0.0.1/404.html','127.0.0.1',NULL,'rose','2019-09-02 11:38:17','ok'),('85279483175e467ba3cef7ec816a05cd','http://127.0.0.1/500.html','127.0.0.1',NULL,'rose','2019-09-02 08:06:21','ok'),('8558150d80bb4fd48e60a188d46c3bd1','http://127.0.0.1/404.html','127.0.0.1',NULL,'rose','2019-09-02 08:36:48','ok'),('85f08870d8ae44ef8502ed3f79722445','http://127.0.0.1/sale/sale_chance_view','127.0.0.1',NULL,'rose','2019-09-02 08:36:35','ok'),('8697282c415f4546a7637694b90d7b7e','http://127.0.0.1/500.html','127.0.0.1',NULL,'rose','2019-09-02 08:54:40','ok'),('879bdd987e61423f9c3be8a4b5f1152f','http://127.0.0.1/user/user_menu','127.0.0.1',NULL,'rose','2019-09-02 09:16:25','ok'),('87d46bbc8c774ec0837fae2035007181','http://127.0.0.1/user/user_menu','127.0.0.1',NULL,'rose','2019-09-02 09:01:14','ok'),('87fd2224e56443be977572b98576352b','http://127.0.0.1/user/user_main_view','127.0.0.1',NULL,'rose','2019-09-02 09:16:23','ok'),('87fd38af99a14a448eabcd54dcb9f2e4','http://127.0.0.1/404.html','127.0.0.1',NULL,'rose','2019-09-02 08:46:52','ok'),('88d06a8945f946e5a0b338c84a59498b','http://127.0.0.1/customer/customer_lost_view','127.0.0.1',NULL,'rose','2019-09-02 09:03:43','ok'),('89696eb944ef46e7a8e1d61ea6dd76b1','http://127.0.0.1/service/feedbackview','127.0.0.1',NULL,'rose','2019-09-02 11:38:20','ok'),('8aaab19414dd4ddbb11806e6aa8b80c1','http://127.0.0.1/sale/sale_plan_view','127.0.0.1',NULL,'rose','2019-09-02 09:37:56','ok'),('8b4f0fd6453a4ed5873292e21558689d','http://127.0.0.1/service/detailview','127.0.0.1',NULL,'rose','2019-09-02 09:03:49','ok'),('8bb155877a23496e917f1be98b1082dc','http://127.0.0.1/500.html','127.0.0.1',NULL,'rose','2019-09-02 08:24:00','ok'),('8d752a88adb6458dae691c1fadc81f18','http://127.0.0.1/sale/sale_chance_view','127.0.0.1',NULL,'rose','2019-09-02 11:38:11','ok'),('8dec550fb6ee4e599f0f70ecf2d481c9','http://127.0.0.1/user/user_main_view','127.0.0.1',NULL,'rose','2019-09-02 10:16:32','ok'),('8e86dc72c7f84cd7b18ba99f754339f6','http://127.0.0.1/service/fileview','127.0.0.1',NULL,'rose','2019-09-02 09:03:53','ok'),('8ec6135e5c764fa39c18d4c362a5e1b2','http://127.0.0.1/customer/customer_detail.do','127.0.0.1',NULL,'rose','2019-09-02 11:38:18','ok'),('8f07e3420b0e4b499635e84ca3ceb8d5','http://127.0.0.1/sale/sale_chance_view','127.0.0.1',NULL,'rose','2019-09-02 09:21:49','ok'),('8fdc4c094fdc4e158c26389364daf7ed','http://127.0.0.1/customer/customer_pager','127.0.0.1',NULL,'rose','2019-09-02 09:54:58','ok'),('942d45ecfbd54b11a34a292afd862694','http://127.0.0.1/500.html','127.0.0.1',NULL,'rose','2019-09-02 08:03:08','ok'),('95467bfff05e49feb10f853e890511b6','http://127.0.0.1/404.html','127.0.0.1',NULL,'rose','2019-09-02 11:38:18','ok'),('95cfb9403c90439d85eec75d588f5d17','http://127.0.0.1/404.html','127.0.0.1',NULL,'rose','2019-09-02 09:21:49','ok'),('95e022f98c8542bb95ba3a74e2b5663e','http://127.0.0.1/sale/sale_plan_view','127.0.0.1',NULL,'rose','2019-09-02 09:45:08','ok'),('96f72196068a4a38bfc5669c1c50a174','http://127.0.0.1/customer/customer_pager','127.0.0.1',NULL,'rose','2019-09-02 09:38:00','ok'),('9734639da2d24593b2d94c95d1d284e7','http://127.0.0.1/sale/sale_chance_view','127.0.0.1',NULL,'rose','2019-09-02 09:30:51','ok'),('9767e894777b4e80a92dc915ad5c8487','http://127.0.0.1/500.html','127.0.0.1',NULL,'rose','2019-09-02 08:23:59','ok'),('97a006b3ddd8449fbe0cf211adcaefd4','http://127.0.0.1/sale/sale_chance_view','127.0.0.1',NULL,'rose','2019-09-02 10:16:35','ok'),('97c87671afcd40ed8c0af628e3d9488e','http://127.0.0.1/404.html','127.0.0.1',NULL,'rose','2019-09-02 08:48:39','ok'),('99a737de5ad2494a939319cec8c622c9','http://127.0.0.1/500.html','127.0.0.1',NULL,'rose','2019-09-02 08:05:52','ok'),('9a3b4e6ad570406fac16e43f4b291159','http://127.0.0.1/sale/sale_chance_pager','127.0.0.1',NULL,'rose','2019-09-02 09:38:28','ok'),('9ab5d9fde5124c08890b1528dd3033f5','http://127.0.0.1/sale/sale_chance_pager','127.0.0.1',NULL,'rose','2019-09-02 09:03:10','ok'),('9ccca0cf85494f7cb010940dc85fe931','http://127.0.0.1/user/user_main_view','127.0.0.1',NULL,'rose','2019-09-02 08:46:51','ok'),('9e51f9dfcc4043488e952b8811117601','http://127.0.0.1/role/role_view','127.0.0.1',NULL,'rose','2019-09-02 09:04:01','ok'),('9e61cfa875dc4d0ab29203336f6adaa6','http://127.0.0.1/customer/customer_view','127.0.0.1',NULL,'rose','2019-09-02 11:37:21','ok'),('a0376f459edb453c9e7bb4cd4aeca22d','http://127.0.0.1/404.html','127.0.0.1',NULL,'rose','2019-09-02 10:01:38','ok'),('a0f540b1f74e43fab15d0fd3ea7f2e5c','http://127.0.0.1/sale/sale_chance_pager','127.0.0.1',NULL,'rose','2019-09-02 11:38:31','ok'),('a0ffa13c0bb54d7eb8e29025e57010fa','http://127.0.0.1/sale/sale_plan_view','127.0.0.1',NULL,'rose','2019-09-02 08:23:17','ok'),('a16158be60d34044ad752134be653178','http://127.0.0.1/404.html','127.0.0.1',NULL,'rose','2019-09-02 09:54:25','ok'),('a198435789ba455ea4fd2338a8744bc2','http://127.0.0.1/sale/sale_plan_view','127.0.0.1',NULL,'rose','2019-09-02 09:03:36','ok'),('a1aa8556c128466cb7df98e4dae0d35b','http://127.0.0.1/500.html','127.0.0.1',NULL,'rose','2019-09-02 08:14:08','ok'),('a1f3885c65e149cf8fad216a2f656509','http://127.0.0.1/customer/customer_pager','127.0.0.1',NULL,'rose','2019-09-02 09:37:50','ok'),('a2ae6f0c3b7e4a7a89eeec5365f82b6c','http://127.0.0.1/500.html','127.0.0.1',NULL,'rose','2019-09-02 08:23:17','ok'),('a355e76f75e34757bea390124a56ac19','http://127.0.0.1/user/user_main_view','127.0.0.1',NULL,'rose','2019-09-02 09:54:21','ok'),('a3dfc31618b34efc84a0f1f2afdf5e2c','http://127.0.0.1/customer/customer_detail.do','127.0.0.1',NULL,'rose','2019-09-02 11:38:17','ok'),('a4fbbfea7ffd494580f9d1f8261153ad','http://127.0.0.1/customer/customer_pager','127.0.0.1',NULL,'rose','2019-09-02 10:01:45','ok'),('a623a1e1f4784f4e92038cdfe9aa436a','http://127.0.0.1/sale/sale_chance_view','127.0.0.1',NULL,'rose','2019-09-02 09:54:26','ok'),('a6529a1a5ea148508426114b1fe3a974','http://127.0.0.1/sale/sale_chance_pager','127.0.0.1',NULL,'rose','2019-09-02 09:29:23','ok'),('a70c63f56a7a42c79b782f86d70a46e4','http://127.0.0.1/sale/sale_chance_pager','127.0.0.1',NULL,'rose','2019-09-02 11:40:54','ok'),('a7eb95ea90754ab9ad7abe288a263702','http://127.0.0.1/404.html','127.0.0.1',NULL,'rose','2019-09-02 11:38:18','ok'),('a8072b9d93a7486cae0069f33be65f17','http://127.0.0.1/sale/sale_chance_pager','127.0.0.1',NULL,'rose','2019-09-02 09:52:27','ok'),('a87a86d079cf4f73816d4d45976b06ba','http://127.0.0.1/404.html','127.0.0.1',NULL,'rose','2019-09-02 10:21:19','ok'),('a93dea1f449148f6bf8e8c42668c483b','http://127.0.0.1/sale/sale_chance_pager','127.0.0.1',NULL,'rose','2019-09-02 09:39:29','ok'),('ace163f0d00d4a399f5e1382ae9b8e9b','http://127.0.0.1/404.html','127.0.0.1',NULL,'rose','2019-09-02 10:21:19','ok'),('af3e963623aa435aa096993ecfcbb5ef','http://127.0.0.1/404.html','127.0.0.1',NULL,'rose','2019-09-02 09:01:14','ok'),('afa010a9fbce478ca520dc8023a250c4','http://127.0.0.1/404.html','127.0.0.1',NULL,'rose','2019-09-02 09:03:53','ok'),('b139360fcc054beeb45a0a4195744087','http://127.0.0.1/404.html','127.0.0.1',NULL,'rose','2019-09-02 08:31:08','ok'),('b16a6d0396e948fa900cf973fbf62abc','http://127.0.0.1/404.html','127.0.0.1',NULL,'rose','2019-09-02 11:38:17','ok'),('b1b9637abb8c40d78d7a72703d2f1546','http://127.0.0.1/service/listpager.do','127.0.0.1',NULL,'rose','2019-09-02 11:38:19','ok'),('b3598595fd394f449cf0b6fbb8cca58e','http://127.0.0.1/500.html','127.0.0.1',NULL,'rose','2019-09-02 08:36:40','ok'),('b4539de6c6604e2d9714afe325fafe29','http://127.0.0.1/500.html','127.0.0.1',NULL,'rose','2019-09-02 08:36:39','ok'),('b58716f2eae0464fa6cfc9420b4b514c','http://127.0.0.1/404.html','127.0.0.1',NULL,'rose','2019-09-02 09:03:47','ok'),('b5de015c27e34771861e34c89288c7a7','http://127.0.0.1/500.html','127.0.0.1',NULL,'rose','2019-09-02 09:03:44','ok'),('b67300cb0c114ce09662fbda842cedbf','http://127.0.0.1/404.html','127.0.0.1',NULL,'rose','2019-09-02 10:16:33','ok'),('b6889a30cba444eb93ac924f68ef0dfb','http://127.0.0.1/sale/sale_chance_view','127.0.0.1',NULL,'rose','2019-09-02 09:30:26','ok'),('b6d9353d44294101a7695c9ac2b42b53','http://127.0.0.1/sale/sale_chance_pager','127.0.0.1',NULL,'rose','2019-09-02 09:51:08','ok'),('b817d8d02a8e4063b453a2d4c51d981c','http://127.0.0.1/500.html','127.0.0.1',NULL,'rose','2019-09-02 08:11:20','ok'),('b84b3f5517ce4eeebd484ab62a528b6b','http://127.0.0.1/sale/sale_plan_view','127.0.0.1',NULL,'rose','2019-09-02 08:54:43','ok'),('b84ce966cd81436ca0404a0246b8d4de','http://127.0.0.1/product/product_view','127.0.0.1',NULL,'rose','2019-09-02 08:23:26','ok'),('b85d80e968a64eba8c182a439d482cab','http://127.0.0.1/500.html','127.0.0.1',NULL,'rose','2019-09-02 08:05:41','ok'),('b9333f9c465a4c0ea14deffa3f281caf','http://127.0.0.1/500.html','127.0.0.1',NULL,'rose','2019-09-02 08:31:56','ok'),('baf3a7c4a2df44869f1932fec1ce5614','http://127.0.0.1/customer/customer_pager','127.0.0.1',NULL,'rose','2019-09-02 10:16:46','ok'),('be17efca6f9b4581bc3e511ed2c48b81','http://127.0.0.1/sale/sale_plan_view','127.0.0.1',NULL,'rose','2019-09-02 09:30:24','ok'),('bf9b8003e13c4f9d9e0d15a56d96a7c3','http://127.0.0.1/sale/sale_chance_pager','127.0.0.1',NULL,'rose','2019-09-02 09:32:26','ok'),('c0f21fd859bf4d88bb48d8b4e58bf177','http://127.0.0.1/sale/sale_chance_view','127.0.0.1',NULL,'rose','2019-09-02 09:34:32','ok'),('c0f58d44902f45d2a68243f154beefdc','http://127.0.0.1/user/user_menu','127.0.0.1',NULL,'rose','2019-09-02 09:21:49','ok'),('c16666730c72458ea82022a5473b21eb','http://127.0.0.1/sale/sale_chance_saveorupdate','127.0.0.1',NULL,'rose','2019-09-02 10:16:57','ok'),('c1edc3959806424fa147b2576da92393','http://127.0.0.1/sale/sale_chance_saveorupdate','127.0.0.1',NULL,'rose','2019-09-02 11:39:59','ok'),('c249283cb8484059b807e0341574e043','http://127.0.0.1/500.html','127.0.0.1',NULL,'rose','2019-09-02 07:38:19','ok'),('c27e5bde15324eb9995c6e8422714ada','http://127.0.0.1/404.html','127.0.0.1',NULL,'rose','2019-09-02 11:38:17','ok'),('c2bb4134d43347168ed4871e60bed862','http://127.0.0.1/sale/sale_chance_pager','127.0.0.1',NULL,'rose','2019-09-02 11:38:23','ok'),('c3a8729d3ed842fe881e2fc483913a55','http://127.0.0.1/sale/sale_plan_view','127.0.0.1',NULL,'rose','2019-09-02 09:39:31','ok'),('c3c7fa435d254c6ba48163fce1a2ecb7','http://127.0.0.1/user/user_detail','127.0.0.1',NULL,'rose','2019-09-02 11:38:17','ok'),('c3cde2eaed344999a34b894e6647e5c3','http://127.0.0.1/customer/customer_view','127.0.0.1',NULL,'rose','2019-09-02 08:36:42','ok'),('c5a8f06949c64b48bb5a89cbade33413','http://127.0.0.1/user/user_detail','127.0.0.1',NULL,'rose','2019-09-02 11:38:18','ok'),('c5bdc47d097e413ebbf8281797d7e11b','http://127.0.0.1/sale/sale_chance_view','127.0.0.1',NULL,'rose','2019-09-02 08:45:43','ok'),('c5ca43aa3cc943adaf3e207520a7b730','http://127.0.0.1/404.html','127.0.0.1',NULL,'rose','2019-09-02 09:03:51','ok'),('c6d31db6ef8f4f5ab5fe0ba5b97f49da','http://127.0.0.1/static/lay-ui/lay/modules/treeSelect.js','127.0.0.1',NULL,'rose','2019-09-02 09:04:03','ok'),('c74bcd5f52904e9e9e6f7a43b432fc4e','http://127.0.0.1/500.html','127.0.0.1',NULL,'rose','2019-09-02 08:06:31','ok'),('c89394b1d0ca4f1ba426e75ef2c2d5ff','http://127.0.0.1/404.html','127.0.0.1',NULL,'rose','2019-09-02 09:49:55','ok'),('c8c2cf5c94ac4463a0c9040f409012e4','http://127.0.0.1/sale/sale_plan_view','127.0.0.1',NULL,'rose','2019-09-02 08:24:01','ok'),('c91c0289e147472e85474f14f88f73ca','http://127.0.0.1/sale/sale_chance_pager','127.0.0.1',NULL,'rose','2019-09-02 09:55:48','ok'),('c9e2b5658c914c289a5ede3d437b054c','http://127.0.0.1/customer/customer_view','127.0.0.1',NULL,'rose','2019-09-02 09:03:40','ok'),('ca4321f691784d33bfa821dea19411ff','http://127.0.0.1/customer/customer_pager','127.0.0.1',NULL,'rose','2019-09-02 09:40:16','ok'),('ca449849b2dd49dfab0d610ac68991b0','http://127.0.0.1/404.html','127.0.0.1',NULL,'rose','2019-09-02 11:38:17','ok'),('ca8bfa1e7765463db8fbafd44bb58035','http://127.0.0.1/sale/sale_chance_view','127.0.0.1',NULL,'rose','2019-09-02 08:36:40','ok'),('caf0dc22f38c4b6eae8b315f7f67258f','http://127.0.0.1/user/user_menu','127.0.0.1',NULL,'rose','2019-09-02 10:21:19','ok'),('cb10902ab2c84fe682894eef66d077e4','http://127.0.0.1/sale/sale_plan_view','127.0.0.1',NULL,'rose','2019-09-02 11:38:24','ok'),('cbdaa341affa4103a32bf495105c7043','http://127.0.0.1/500.html','127.0.0.1',NULL,'rose','2019-09-02 11:38:09','ok'),('cc4b901b6cdb45b8897509bd019909b7','http://127.0.0.1/sale/sale_chance_pager','127.0.0.1',NULL,'rose','2019-09-02 09:30:25','ok'),('cc99735d78044632b06e1854ddab0c66','http://127.0.0.1/404.html','127.0.0.1',NULL,'rose','2019-09-02 10:16:33','ok'),('cce7534b3c9f48a9a7208b77dbaf03d9','http://127.0.0.1/sale/sale_chance_pager','127.0.0.1',NULL,'rose','2019-09-02 09:36:06','ok'),('cde8d0b6774549ecb168569507de0293','http://127.0.0.1/sale/sale_chance_pager','127.0.0.1',NULL,'rose','2019-09-02 11:38:34','ok'),('d09989dfa9984f479f370361a8da3aa5','http://127.0.0.1/user/user_detail','127.0.0.1',NULL,'rose','2019-09-02 11:38:17','ok'),('d15e28c3e7e24701b5c6d4570f06a1e1','http://127.0.0.1/sale/sale_chance_saveorupdate','127.0.0.1',NULL,'rose','2019-09-02 10:18:01','ok'),('d2458f66d4634d4ea14892fe35810d4c','http://127.0.0.1/500.html','127.0.0.1',NULL,'rose','2019-09-02 08:23:26','ok'),('d251a2ae082544c2adbedf8e0537519a','http://127.0.0.1/sale/sale_plan_view','127.0.0.1',NULL,'rose','2019-09-02 09:38:28','ok'),('d2929fafdc4740769bce63ac2c9491c9','http://127.0.0.1/sale/sale_chance_pager','127.0.0.1',NULL,'rose','2019-09-02 11:39:44','ok'),('d29a39c4501c47b8a7348dcaa5b8a682','http://127.0.0.1/404.html','127.0.0.1',NULL,'rose','2019-09-02 09:21:05','ok'),('d2fc5797173747bd9a0481d8f4df7cd2','http://127.0.0.1/customer/customer_lost_view','127.0.0.1',NULL,'rose','2019-09-02 08:36:44','ok'),('d310dc99da9b4276bc4255cf55589838','http://127.0.0.1/service/feedbackview','127.0.0.1',NULL,'rose','2019-09-02 09:03:51','ok'),('d4d7fa5df0f946d69e6b3c539a45d449','http://127.0.0.1/sale/sale_chance_view','127.0.0.1',NULL,'rose','2019-09-02 08:55:12','ok'),('d55c53ac632c405392b50b45a14291e6','http://127.0.0.1/sale/sale_plan_view','127.0.0.1',NULL,'rose','2019-09-02 08:55:36','ok'),('d6867e7bdc8f44578d5982d735d45110','http://127.0.0.1/sale/sale_chance_pager','127.0.0.1',NULL,'rose','2019-09-02 09:40:09','ok'),('d7bff9d3b3654fd6ba4ac73b00d676c8','http://127.0.0.1/sale/sale_chance_view','127.0.0.1',NULL,'rose','2019-09-02 08:24:33','ok'),('d7eb38db2d574b3ea74db131fc341da3','http://127.0.0.1/service/listpager','127.0.0.1',NULL,'rose','2019-09-02 11:38:17','ok'),('d805cd54c3a443828c997f4c638362dc','http://127.0.0.1/customer/customer_detail.do','127.0.0.1',NULL,'rose','2019-09-02 11:38:18','ok'),('d8d8d763ce3e4e399b690449090c141d','http://127.0.0.1/customer/customer_pager','127.0.0.1',NULL,'rose','2019-09-02 09:39:39','ok'),('da39d383795a4eaab2ff09cc8badf461','http://127.0.0.1/sale/sale_plan_view','127.0.0.1',NULL,'rose','2019-09-02 09:29:22','ok'),('daa4b2de97804c8591a1b0711d95ff73','http://127.0.0.1/500.html','127.0.0.1',NULL,'rose','2019-09-02 08:36:53','ok'),('dae7eb4879874c14b8d1ac5bb08e05dc','http://127.0.0.1/500.html','127.0.0.1',NULL,'rose','2019-09-02 08:23:29','ok'),('db536356c75a466882752f17a33a72dd','http://127.0.0.1/404.html','127.0.0.1',NULL,'rose','2019-09-02 08:45:39','ok'),('dc2044ff594743809c43e12c17a6727d','http://127.0.0.1/user/user_menu','127.0.0.1',NULL,'rose','2019-09-02 10:01:38','ok'),('dc465c7b56334381a3403db4d28fb2aa','http://127.0.0.1/sale/sale_chance_view','127.0.0.1',NULL,'rose','2019-09-02 08:48:42','ok'),('ddae4001cf3e4ea28ab523812357af37','http://127.0.0.1/sale/sale_chance_view','127.0.0.1',NULL,'rose','2019-09-02 09:21:06','ok'),('dde48de875aa4de997aa8e380e8a997a','http://127.0.0.1/sale/sale_chance_pager','127.0.0.1',NULL,'rose','2019-09-02 09:55:09','ok'),('def1da78212e4c7395d8607009e6b5a0','http://127.0.0.1/customer/customer_lost_view','127.0.0.1',NULL,'rose','2019-09-02 11:38:14','ok'),('dfb07967d5804b53b837c99f7154ab95','http://127.0.0.1/sale/sale_chance_pager','127.0.0.1',NULL,'rose','2019-09-02 11:38:12','ok'),('e040263de7e64ecf88095d1c168667f2','http://127.0.0.1/500.html','127.0.0.1',NULL,'rose','2019-09-02 08:45:26','ok'),('e172ff088c834a9f98f489a4bcd5fdea','http://127.0.0.1/service/listpager.do','127.0.0.1',NULL,'rose','2019-09-02 08:23:23','ok'),('e29a35cc24d3425b9738fd16921a1661','http://127.0.0.1/sale/sale_chance_pager','127.0.0.1',NULL,'rose','2019-09-02 09:45:12','ok'),('e2e6448325e6440e961a05c6997e7cd8','http://127.0.0.1/sale/sale_chance_view','127.0.0.1',NULL,'rose','2019-09-02 08:36:38','ok'),('e3661c6d890e433ea5629668ea61bbc8','http://127.0.0.1/sale/sale_chance_view','127.0.0.1',NULL,'rose','2019-09-02 09:36:08','ok'),('e43f6f66fcee4d5688a497decbc9a383','http://127.0.0.1/service/listpager.do','127.0.0.1',NULL,'rose','2019-09-02 11:38:20','ok'),('e575c19449304053beec5498a58f7457','http://127.0.0.1/sale/sale_chance_pager','127.0.0.1',NULL,'rose','2019-09-02 09:20:23','ok'),('e61941d0b4bc47a2afaaab5a81b05bed','http://127.0.0.1/sale/sale_chance_pager','127.0.0.1',NULL,'rose','2019-09-02 09:48:31','ok'),('e6ccce0f9d7d4556af37aacce877b211','http://127.0.0.1/sale/sale_chance_pager','127.0.0.1',NULL,'rose','2019-09-02 09:39:32','ok'),('e7034b4b47b4405c9661c0edc14304b1','http://127.0.0.1/404.html','127.0.0.1',NULL,'rose','2019-09-02 08:48:39','ok'),('e8fc7954336f44398e88c2dc5b803d84','http://127.0.0.1/sale/sale_chance_pager','127.0.0.1',NULL,'rose','2019-09-02 10:45:58','ok'),('e96e782c34cc4b838c6e213a612cfdea','http://127.0.0.1/user/user_main_view','127.0.0.1',NULL,'rose','2019-09-02 08:45:38','ok'),('e99f2f29917b45539c6b844b7fa86a1e','http://127.0.0.1/sale/sale_chance_view','127.0.0.1',NULL,'rose','2019-09-02 08:56:48','ok'),('eb0bc613f4c34811aa10820e9f114cc1','http://127.0.0.1/service/listpager.do','127.0.0.1',NULL,'rose','2019-09-02 09:03:51','ok'),('eb380ca3c4d5440d883d9761c8bfeefe','http://127.0.0.1/sale/sale_chance_pager','127.0.0.1',NULL,'rose','2019-09-02 09:34:31','ok'),('eb54d16570bc4d2c860c4622e88c6a7f','http://127.0.0.1/sale/sale_chance_pager','127.0.0.1',NULL,'rose','2019-09-02 11:38:11','ok'),('ec83295916a44e3b8ba8c8e882f8f02f','http://127.0.0.1/500.html','127.0.0.1',NULL,'rose','2019-09-02 08:24:04','ok'),('ec84e1364eaa4befa3106be815e81f23','http://127.0.0.1/sale/sale_chance_pager','127.0.0.1',NULL,'rose','2019-09-02 10:16:36','ok'),('ecbd943af1e6433f81d392afa288d030','http://127.0.0.1/user/user_main_view','127.0.0.1',NULL,'rose','2019-09-02 08:36:17','ok'),('ee04fa6c0abd48358c203c2d7f2d00e2','http://127.0.0.1/404.html','127.0.0.1',NULL,'rose','2019-09-02 09:01:14','ok'),('ee2bfb1629ee435ab68a88b88b98b4c9','http://127.0.0.1/500.html','127.0.0.1',NULL,'rose','2019-09-02 09:04:25','ok'),('ef05bf20910d494da120884246b0b76b','http://127.0.0.1/404.html','127.0.0.1',NULL,'rose','2019-09-02 08:22:57','ok'),('ef97894f47e14c68bba53ae5136b3a69','http://127.0.0.1/user/user_menu','127.0.0.1',NULL,'rose','2019-09-02 08:45:40','ok'),('efdff62eab6a48b3b7eaac20e385547d','http://127.0.0.1/500.html','127.0.0.1',NULL,'rose','2019-09-02 09:57:57','ok'),('f09528d9e9424976b6ef5d703dde00f6','http://127.0.0.1/customer/customer_detail.do','127.0.0.1',NULL,'rose','2019-09-02 11:38:18','ok'),('f14e8bfe45604c47aeb18931dea8e40e','http://127.0.0.1/500.html','127.0.0.1',NULL,'rose','2019-09-02 08:56:51','ok'),('f23ea26d2842461e9809e8fde94d41cb','http://127.0.0.1/sale/sale_chance_pager','127.0.0.1',NULL,'rose','2019-09-02 09:52:25','ok'),('f33186c598114acfa0bf44e0caae392e','http://127.0.0.1/role/role_list','127.0.0.1',NULL,'rose','2019-09-02 08:24:25','ok'),('f3848d4e69f346e39afb23870efb4493','http://127.0.0.1/404.html','127.0.0.1',NULL,'rose','2019-09-02 09:16:25','ok'),('f4a1ddf72d854c268fc431151e9ba05c','http://127.0.0.1/sale/sale_plan_view','127.0.0.1',NULL,'rose','2019-09-02 11:38:12','ok'),('f4fd97ef56574f4ca3eee3bed82dfa77','http://127.0.0.1/500.html','127.0.0.1',NULL,'rose','2019-09-02 11:38:14','ok'),('f605d132a5ab4eb8b9458d069efef2b8','http://127.0.0.1/sale/sale_chance_pager','127.0.0.1',NULL,'rose','2019-09-02 09:16:32','ok'),('f6aa571803b044d7ab459b582599e502','http://127.0.0.1/customer/customer_lost_view','127.0.0.1',NULL,'rose','2019-09-02 08:24:03','ok'),('f6d0b9cd0c4d4aceaed2e01131f2da1b','http://127.0.0.1/500.html','127.0.0.1',NULL,'rose','2019-09-02 08:36:41','ok'),('f71f34f423674dd580c53b85d94067d1','http://127.0.0.1/sale/sale_chance_pager','127.0.0.1',NULL,'rose','2019-09-02 10:01:40','ok'),('f748ffa4bd514b968575a4c7446043a3','http://127.0.0.1/user/user_main_view','127.0.0.1',NULL,'rose','2019-09-02 08:15:04','ok'),('f7e4d94cb286489c9313fd3580f0a4ee','http://127.0.0.1/404.html','127.0.0.1',NULL,'rose','2019-09-02 08:15:54','ok'),('f97e7fdfb0ce41b3b90e4e738246dc0e','http://127.0.0.1/user/user_view','127.0.0.1',NULL,'rose','2019-09-02 08:24:24','ok'),('fab9b6f0b98d448c8006c24b76b3accd','http://127.0.0.1/sale/sale_chance_pager','127.0.0.1',NULL,'rose','2019-09-02 09:37:56','ok'),('fafc359a11b24e8eaf1edd26d015929f','http://127.0.0.1/500.html','127.0.0.1',NULL,'rose','2019-09-02 08:04:32','ok'),('fb27f57d5fe24e03bbd87c1fc3763205','http://127.0.0.1/user/user_menu','127.0.0.1',NULL,'rose','2019-09-02 08:23:09','ok'),('fbcd7bccadbc499f92ff6f4aec54b902','http://127.0.0.1/404.html','127.0.0.1',NULL,'rose','2019-09-02 08:22:57','ok'),('fbe2579c2ff94b0d816fc76d02cd684e','http://127.0.0.1/500.html','127.0.0.1',NULL,'rose','2019-09-02 08:24:03','ok'),('fbee4a1c980347bf9051f28c1af88040','http://127.0.0.1/sale/sale_chance_pager','127.0.0.1',NULL,'rose','2019-09-02 09:54:29','ok'),('fcacb90bee7146c0b8b559f050be51f9','http://127.0.0.1/500.html','127.0.0.1',NULL,'rose','2019-09-02 08:36:38','ok'),('fcfc8d904cb44842a682856c42ddb32f','http://127.0.0.1/sale/sale_chance_pager','127.0.0.1',NULL,'rose','2019-09-02 09:40:50','ok'),('fd640ab2388d4b80823e8e35120ba265','http://127.0.0.1/customerlinkman/linkman_pager','127.0.0.1',NULL,'rose','2019-09-02 11:37:29','ok'),('fe2d80623e5a4bd7a9b6b8b193e43b1d','http://127.0.0.1/404.html','127.0.0.1',NULL,'rose','2019-09-02 08:20:22','ok'),('fe52dc182a594254969718caf44504f7','http://127.0.0.1/sale/sale_chance_view','127.0.0.1',NULL,'rose','2019-09-02 09:52:26','ok'),('fec0f8b01ea3492f88cf3faf98b2cbf3','http://127.0.0.1/service/listpager.do','127.0.0.1',NULL,'rose','2019-09-02 09:03:47','ok'),('ff589e4a2bd04453817d915c20762bd4','http://127.0.0.1/500.html','127.0.0.1',NULL,'rose','2019-09-02 09:56:33','ok'),('ffaf0fccd24a42388092042cf9408c24','http://127.0.0.1/sale/sale_chance_view','127.0.0.1',NULL,'rose','2019-09-02 11:39:44','ok'),('ffaf8f46185b4ae8ba66c5f14f6513d1','http://127.0.0.1/user/user_pager','127.0.0.1',NULL,'rose','2019-09-02 09:54:40','ok'),('opt1567425341715','http://127.0.0.1/user/user_main_view','127.0.0.1',NULL,'rose','2019-09-02 11:55:30','ok'),('opt1567425351925','http://127.0.0.1/user/user_menu','127.0.0.1',NULL,'rose','2019-09-02 11:55:48','ok'),('opt1567425356192','http://127.0.0.1/sale/sale_chance_view','127.0.0.1',NULL,'rose','2019-09-02 11:55:56','ok'),('opt1567425357171','http://127.0.0.1/sale/sale_chance_pager','127.0.0.1',NULL,'rose','2019-09-02 11:55:57','ok'),('opt1567425368306','http://127.0.0.1/sale/sale_chance_saveorupdate','127.0.0.1',NULL,'rose','2019-09-02 11:56:08','ok'),('opt1567425466067','http://127.0.0.1/sale/sale_chance_pager','127.0.0.1',NULL,'rose','2019-09-02 11:57:46','ok'),('opt1567426302016','http://127.0.0.1/user/user_main_view','127.0.0.1',NULL,'rose','2019-09-02 12:11:42','ok'),('opt1567426302941','http://127.0.0.1/user/user_menu','127.0.0.1',NULL,'rose','2019-09-02 12:11:43','ok'),('opt1567426306425','http://127.0.0.1/sale/sale_chance_view','127.0.0.1',NULL,'rose','2019-09-02 12:11:46','ok'),('opt1567426306778','http://127.0.0.1/sale/sale_chance_pager','127.0.0.1',NULL,'rose','2019-09-02 12:11:47','ok'),('opt1567426321455','http://127.0.0.1/sale/sale_chance_pager','127.0.0.1',NULL,'rose','2019-09-02 12:12:01','ok'),('opt1567426332380','http://127.0.0.1/sale/sale_chance_pager','127.0.0.1',NULL,'rose','2019-09-02 12:12:12','ok'),('opt1567426337764','http://127.0.0.1/sale/sale_chance_pager','127.0.0.1',NULL,'rose','2019-09-02 12:12:18','ok'),('opt1567426340163','http://127.0.0.1/sale/sale_chance_close','127.0.0.1',NULL,'rose','2019-09-02 12:12:20','ok'),('opt1567426340180','http://127.0.0.1/404.html','127.0.0.1',NULL,'rose','2019-09-02 12:12:20','ok'),('opt1567426344611','http://127.0.0.1/sale/sale_chance_close','127.0.0.1',NULL,'rose','2019-09-02 12:12:25','ok'),('opt1567426344623','http://127.0.0.1/404.html','127.0.0.1',NULL,'rose','2019-09-02 12:12:25','ok'),('opt1567426350071','http://127.0.0.1/sale/sale_plan_view','127.0.0.1',NULL,'rose','2019-09-02 12:12:30','ok'),('opt1567426350204','http://127.0.0.1/sale/sale_chance_pager','127.0.0.1',NULL,'rose','2019-09-02 12:12:30','ok'),('opt1567426353876','http://127.0.0.1/sale/sale_chance_view','127.0.0.1',NULL,'rose','2019-09-02 12:12:34','ok'),('opt1567426354018','http://127.0.0.1/sale/sale_chance_pager','127.0.0.1',NULL,'rose','2019-09-02 12:12:34','ok'),('opt1567426362589','http://127.0.0.1/customer/customer_pager','127.0.0.1',NULL,'rose','2019-09-02 12:12:43','ok'),('opt1567426369281','http://127.0.0.1/sale/sale_chance_pager','127.0.0.1',NULL,'rose','2019-09-02 12:12:49','ok'),('opt1567426374903','http://127.0.0.1/sale/sale_plan_view','127.0.0.1',NULL,'rose','2019-09-02 12:12:55','ok'),('opt1567426375034','http://127.0.0.1/sale/sale_chance_pager','127.0.0.1',NULL,'rose','2019-09-02 12:12:55','ok'),('opt1567426377457','http://127.0.0.1/customer/customer_view','127.0.0.1',NULL,'rose','2019-09-02 12:12:57','ok'),('opt1567426377769','http://127.0.0.1/customer/customer_pager','127.0.0.1',NULL,'rose','2019-09-02 12:12:58','ok'),('opt1567426380484','http://127.0.0.1/sale/sale_chance_view','127.0.0.1',NULL,'rose','2019-09-02 12:13:00','ok'),('opt1567426380630','http://127.0.0.1/sale/sale_chance_pager','127.0.0.1',NULL,'rose','2019-09-02 12:13:01','ok'),('opt1567426395358','http://127.0.0.1/sale/sale_plan_view','127.0.0.1',NULL,'rose','2019-09-02 12:13:15','ok'),('opt1567426395502','http://127.0.0.1/sale/sale_chance_pager','127.0.0.1',NULL,'rose','2019-09-02 12:13:16','ok'),('opt1567426398877','http://127.0.0.1/resource/resource_view','127.0.0.1',NULL,'rose','2019-09-02 12:13:19','ok'),('opt1567426398965','http://127.0.0.1/static/lay-ui/lay/modules/treeSelect.js','127.0.0.1',NULL,'rose','2019-09-02 12:13:19','ok'),('opt1567426398978','http://127.0.0.1/404.html','127.0.0.1',NULL,'rose','2019-09-02 12:13:19','ok'),('opt1567426399017','http://127.0.0.1/resource/pager','127.0.0.1',NULL,'rose','2019-09-02 12:13:19','ok'),('opt1567426412901','http://127.0.0.1/role/role_view','127.0.0.1',NULL,'rose','2019-09-02 12:13:33','ok'),('opt1567426413315','http://127.0.0.1/role/role_pager','127.0.0.1',NULL,'rose','2019-09-02 12:13:33','ok'),('opt1567426558887','http://127.0.0.1/optlog/optlog_view','127.0.0.1',NULL,'rose','2019-09-02 12:15:59','ok'),('opt1567426559001','http://127.0.0.1/optlog/optlog_pager','127.0.0.1',NULL,'rose','2019-09-02 12:15:59','ok'),('opt1567426563354','http://127.0.0.1/role/role_view','127.0.0.1',NULL,'rose','2019-09-02 12:16:03','ok'),('opt1567426563462','http://127.0.0.1/role/role_pager','127.0.0.1',NULL,'rose','2019-09-02 12:16:03','ok'),('opt1567426609353','http://127.0.0.1/optlog/optlog_view','127.0.0.1',NULL,'rose','2019-09-02 12:16:49','ok'),('opt1567426609698','http://127.0.0.1/optlog/optlog_pager','127.0.0.1',NULL,'rose','2019-09-02 12:16:50','ok'),('opt1567426610391','http://127.0.0.1/role/role_view','127.0.0.1',NULL,'rose','2019-09-02 12:16:50','ok'),('opt1567426610531','http://127.0.0.1/role/role_pager','127.0.0.1',NULL,'rose','2019-09-02 12:16:51','ok'),('opt1567426758895','http://127.0.0.1/optlog/optlog_view','127.0.0.1',NULL,'rose','2019-09-02 12:19:19','ok'),('opt1567426759065','http://127.0.0.1/optlog/optlog_pager','127.0.0.1',NULL,'rose','2019-09-02 12:19:19','ok'),('opt1567426759533','http://127.0.0.1/role/role_view','127.0.0.1',NULL,'rose','2019-09-02 12:19:20','ok'),('opt1567426759721','http://127.0.0.1/role/role_pager','127.0.0.1',NULL,'rose','2019-09-02 12:19:20','ok'),('opt1567426775101','http://127.0.0.1/optlog/optlog_view','127.0.0.1',NULL,'rose','2019-09-02 12:19:35','ok'),('opt1567426775221','http://127.0.0.1/optlog/optlog_pager','127.0.0.1',NULL,'rose','2019-09-02 12:19:35','ok'),('opt1567426775744','http://127.0.0.1/role/role_view','127.0.0.1',NULL,'rose','2019-09-02 12:19:36','ok'),('opt1567426775865','http://127.0.0.1/role/role_pager','127.0.0.1',NULL,'rose','2019-09-02 12:19:36','ok'),('opt1567426791890','http://127.0.0.1/role/role_add','127.0.0.1',NULL,'rose','2019-09-02 12:19:52','ok'),('opt1567426791947','http://127.0.0.1/role/role_pager','127.0.0.1',NULL,'rose','2019-09-02 12:19:52','ok'),('opt1567426962035','http://127.0.0.1/optlog/optlog_view','127.0.0.1',NULL,'rose','2019-09-02 12:22:42','ok'),('opt1567426962383','http://127.0.0.1/optlog/optlog_pager','127.0.0.1',NULL,'rose','2019-09-02 12:22:42','ok'),('opt1567426963892','http://127.0.0.1/role/role_view','127.0.0.1',NULL,'rose','2019-09-02 12:22:44','ok'),('opt1567426964049','http://127.0.0.1/role/role_pager','127.0.0.1',NULL,'rose','2019-09-02 12:22:44','ok'),('opt1567426974608','http://127.0.0.1/role/role_add','127.0.0.1',NULL,'rose','2019-09-02 12:22:55','ok'),('opt1567426974638','http://127.0.0.1/role/role_pager','127.0.0.1',NULL,'rose','2019-09-02 12:22:55','ok'),('opt1567427020854','http://127.0.0.1/role/role_add','127.0.0.1',NULL,'rose','2019-09-02 12:23:41','ok'),('opt1567427020952','http://127.0.0.1/role/role_pager','127.0.0.1',NULL,'rose','2019-09-02 12:23:41','ok'),('opt1567427319130','http://127.0.0.1/user/user_main_view','127.0.0.1',NULL,'rose','2019-09-02 12:28:39','ok'),('opt1567427320930','http://127.0.0.1/user/user_menu','127.0.0.1',NULL,'rose','2019-09-02 12:28:41','ok'),('opt1567427321531','http://127.0.0.1/role/role_view','127.0.0.1',NULL,'rose','2019-09-02 12:28:42','ok'),('opt1567427503911','http://127.0.0.1/user/user_main_view','127.0.0.1',NULL,'rose','2019-09-02 12:31:44','ok'),('opt1567427504763','http://127.0.0.1/user/user_menu','127.0.0.1',NULL,'rose','2019-09-02 12:31:45','ok'),('opt1567427509864','http://127.0.0.1/role/role_view','127.0.0.1',NULL,'rose','2019-09-02 12:31:50','ok'),('opt1567427510039','http://127.0.0.1/role/role_pager','127.0.0.1',NULL,'rose','2019-09-02 12:31:50','ok'),('opt1567427516008','http://127.0.0.1/role/role_add','127.0.0.1',NULL,'rose','2019-09-02 12:31:56','ok'),('opt1567427516079','http://127.0.0.1/role/role_pager','127.0.0.1',NULL,'rose','2019-09-02 12:31:56','ok'),('opt1567427526731','http://127.0.0.1/role/role_update','127.0.0.1',NULL,'rose','2019-09-02 12:32:07','ok'),('opt1567427526766','http://127.0.0.1/role/role_pager','127.0.0.1',NULL,'rose','2019-09-02 12:32:07','ok'),('opt1567427804904','http://127.0.0.1/user/user_main_view','127.0.0.1',NULL,'rose','2019-09-02 12:36:45','ok'),('opt1567427806455','http://127.0.0.1/user/user_menu','127.0.0.1',NULL,'rose','2019-09-02 12:36:46','ok'),('opt1567427806805','http://127.0.0.1/role/role_view','127.0.0.1',NULL,'rose','2019-09-02 12:36:47','ok'),('opt1567427807203','http://127.0.0.1/role/role_pager','127.0.0.1',NULL,'rose','2019-09-02 12:36:47','ok'),('org1567425069355','http://127.0.0.1/sale/sale_chance_saveorupdate','127.0.0.1',NULL,'rose','2019-09-02 11:51:07','ok'),('org1567425104544','http://127.0.0.1/user/user_main_view','127.0.0.1',NULL,'rose','2019-09-02 11:51:36','ok'),('org1567425105578','http://127.0.0.1/user/user_menu','127.0.0.1',NULL,'rose','2019-09-02 11:51:45','ok'),('org1567425114742','http://127.0.0.1/sale/sale_chance_view','127.0.0.1',NULL,'rose','2019-09-02 11:51:51','ok'),('org1567425116297','http://127.0.0.1/sale/sale_chance_pager','127.0.0.1',NULL,'rose','2019-09-02 11:51:56','ok'),('org1567425234384','http://127.0.0.1/sale/sale_chance_saveorupdate','127.0.0.1',NULL,'rose','2019-09-02 11:53:54','ok');

/*Table structure for table `tbl_resource` */

DROP TABLE IF EXISTS `tbl_resource`;

CREATE TABLE `tbl_resource` (
  `id` varchar(32) NOT NULL COMMENT 'ID',
  `createdate` datetime DEFAULT NULL,
  `updatedate` datetime DEFAULT NULL,
  `name` varchar(50) NOT NULL COMMENT '资源名称',
  `url` varchar(100) NOT NULL COMMENT '资源路径',
  `pid` varchar(32) DEFAULT NULL COMMENT '资源的父ID',
  `gnum` int(4) DEFAULT NULL COMMENT '组内序号',
  `valid` int(1) DEFAULT '1' COMMENT '是否可用',
  `type` int(1) DEFAULT '0' COMMENT '1：视图 0：功能点',
  `level` int(2) DEFAULT '0' COMMENT '层次，1为顶层',
  `icon` varchar(100) DEFAULT NULL COMMENT '菜单ICON',
  `memo` varchar(200) DEFAULT NULL COMMENT '备注',
  PRIMARY KEY (`id`),
  KEY `FK_PID` (`pid`)
) ENGINE=InnoDB DEFAULT CHARSET=utf8;

/*Data for the table `tbl_resource` */

insert  into `tbl_resource`(`id`,`createdate`,`updatedate`,`name`,`url`,`pid`,`gnum`,`valid`,`type`,`level`,`icon`,`memo`) values ('09b070ee1a0111e99cd73c970e4745df',NULL,NULL,'角色管理-分页','/role/role_pager','6ac75256180a11e99cd73c970e4745df',1,1,0,0,NULL,NULL),('0f13cd101f7911e9bfa23c970e4745df',NULL,NULL,'用户管理-删除','/user/user_delete','6ac74fab180a11e99cd73c970e4745df',5,1,0,0,NULL,NULL),('0f14b1321ec511e99cd73c970e4745df',NULL,NULL,'用户管理-个人中心','/user/user_center_view','6ac74fab180a11e99cd73c970e4745df',3,1,0,0,NULL,NULL),('129008b617fb11e99cd73c970e4745df',NULL,NULL,'营销管理','','6ac75256180a11e99cd73c970e47457',1,1,1,1,'fa fa-street-view',NULL),('12900b2517fb11e99cd73c970e4745df',NULL,NULL,'销售机会管理','/sale/sale_chance_view','129008b617fb11e99cd73c970e4745df',1,1,1,0,NULL,NULL),('12900bef17fb11e99cd73c970e4745df',NULL,NULL,'销售计划管理','/sale/sale_plan_view','129008b617fb11e99cd73c970e4745df',2,1,1,0,NULL,NULL),('13a6e95f17fc11e99cd73c970e4745df',NULL,NULL,'销售机会-分页','/sale/sale_chance_pager','12900b2517fb11e99cd73c970e4745df',1,1,0,0,NULL,NULL),('13a6ec3517fc11e99cd73c970e4745df',NULL,NULL,'销售机会-新建','/sale/sale_plan_save','12900b2517fb11e99cd73c970e4745df',2,1,0,0,NULL,NULL),('13a6ece717fc11e99cd73c970e4745df',NULL,NULL,'销售机会-编辑','/sale/sale_plan_update','12900b2517fb11e99cd73c970e4745df',3,1,0,0,NULL,NULL),('13a6ed9017fc11e99cd73c970e4745df',NULL,NULL,'销售机会-删除','/sale/sale_chance_delete','12900b2517fb11e99cd73c970e4745df',4,1,0,0,NULL,NULL),('189c89ed193711e99cd73c970e4745df',NULL,NULL,'分配服务','/service/distributionview','f730d959180911e99cd73c970e4745df',2,1,1,0,NULL,NULL),('20190804164404',NULL,NULL,'服务分析','/report/customer_service_view','f730f02f180911e99cd73c970e4745df',2,1,1,0,NULL,NULL),('21421421421421421421',NULL,NULL,'日志信息','/optlog/optlog_view','f730f192180911e99cd73c970e4745df',4,1,1,0,NULL,NULL),('267931a51f7911e9bfa23c970e4745df',NULL,NULL,'用户管理-新增','/user/user_add','6ac74fab180a11e99cd73c970e4745df',7,1,0,0,NULL,NULL),('282795c8193711e99cd73c970e4745df',NULL,NULL,'处理服务','/service/detailview','f730d959180911e99cd73c970e4745df',3,1,1,0,NULL,NULL),('341b965e193711e99cd73c970e4745df',NULL,NULL,'服务回访','/service/feedbackview','f730d959180911e99cd73c970e4745df',4,1,1,0,NULL,NULL),('34956af51f7811e9bfa23c970e4745df',NULL,NULL,'角色管理-角色列表','/role/role_list','6ac75256180a11e99cd73c970e4745df',6,1,0,0,NULL,NULL),('39fef6671ec311e99cd73c970e4745df',NULL,NULL,'资源管理-编辑','/resouce/update','A730f192180911e99cd73c970e4745df',2,1,0,0,NULL,NULL),('3a7e00e91eef11e99cd73c970e4745df',NULL,NULL,'客户管理-取得客户详情','/customer/customer_detail','5ef6d21d17fb11e99cd73c970e4745df',6,1,0,0,NULL,NULL),('4352643576453276459870',NULL,NULL,'系统管理-日志管理-分页列表','/optlog/optlog_page','21421421421421421421',NULL,1,0,0,NULL,NULL),('439d100c193711e99cd73c970e4745df',NULL,NULL,'归档服务','/service/fileview','f730d959180911e99cd73c970e4745df',5,1,1,0,NULL,NULL),('48f159f71ec311e99cd73c970e4745df',NULL,NULL,'资源管理-删除','/resource/delete','A730f192180911e99cd73c970e4745df',3,1,0,0,NULL,NULL),('4c5eba261ec411e99cd73c970e4745df',NULL,NULL,'销售机会-取得','/sale/sale_chance_get','129008b617fb11e99cd73c970e4745df',4,1,0,0,NULL,NULL),('5b2627ed198d11e99cd73c970e4745df',NULL,NULL,'销售计划-详细','/sale/sale_plan_detail_view','12900bef17fb11e99cd73c970e4745df',5,1,0,0,NULL,NULL),('5ef6cf6a17fb11e99cd73c970e4745df',NULL,NULL,'客户管理','','6ac75256180a11e99cd73c970e47457',2,1,1,1,'fa fa-address-card',NULL),('5ef6d21d17fb11e99cd73c970e4745df',NULL,NULL,'客户信息','/customer/customer_view','5ef6cf6a17fb11e99cd73c970e4745df',1,1,1,0,NULL,NULL),('5ef6d2de17fb11e99cd73c970e4745df',NULL,NULL,'流失信息','/customer/customer_lost_view','5ef6cf6a17fb11e99cd73c970e4745df',2,1,1,0,NULL,NULL),('645cdf9f1ec311e99cd73c970e4745df',NULL,NULL,'角色管理-新增','/role/role_add','6ac75256180a11e99cd73c970e4745df',1,1,0,0,NULL,NULL),('649354ec1edd11e99cd73c970e4745df',NULL,NULL,'销售计划-分页','/sale/sale_plan_pager','12900bef17fb11e99cd73c970e4745df',4,1,0,0,NULL,NULL),('67e2ad1a46f811e9bbac3c970e4745df',NULL,NULL,'基础数据-产品信息-视图','/product/product_view','990bec39180a11e99cd73c970e4745df',1,1,1,0,NULL,NULL),('6a5f84391ec411e99cd73c970e4745df',NULL,NULL,'销售计划-详细','/sale/sale_plan_detail','12900bef17fb11e99cd73c970e4745df',4,1,0,0,NULL,NULL),('6ac74fab180a11e99cd73c970e4745df',NULL,NULL,'用户管理','/user/user_view','f730f192180911e99cd73c970e4745df',1,1,1,0,'fa fa-user-circle-o',NULL),('6ac75256180a11e99cd73c970e47457',NULL,NULL,'全部资源','','fanjianhua',NULL,1,1,0,NULL,NULL),('6ac75256180a11e99cd73c970e4745df',NULL,NULL,'角色管理','/role/role_view','f730f192180911e99cd73c970e4745df',2,1,1,0,NULL,NULL),('7460759d1ec311e99cd73c970e4745df',NULL,NULL,'角色管理-编辑','/role/role_update','6ac75256180a11e99cd73c970e4745df',2,1,0,0,NULL,NULL),('7f1ac67f46f811e9bbac3c970e4745df',NULL,NULL,'基础数据-产品信息-分页','/product/pager','990bec39180a11e99cd73c970e4745df',2,1,0,0,NULL,NULL),('836392c21ec311e99cd73c970e4745df',NULL,NULL,'角色管理-删除','/role/role_delete','6ac75256180a11e99cd73c970e4745df',3,1,0,0,NULL,NULL),('88fb14371ec411e99cd73c970e4745df',NULL,NULL,'销售机会-终止开发','/sale/sale_chance_close','129008b617fb11e99cd73c970e4745df',2,1,0,0,NULL,NULL),('9819468e448e11e9af4e3c970e4745df',NULL,NULL,'客户分析','/report/customer_compose_view','f730f02f180911e99cd73c970e4745df',1,1,1,0,NULL,NULL),('990bec39180a11e99cd73c970e4745df',NULL,NULL,'产品信息','/product/product_view','f730f110180911e99cd73c970e4745df',1,1,1,0,NULL,NULL),('990beed4180a11e99cd73c970e4745df',NULL,NULL,'订单信息','/order/order_view','f730f110180911e99cd73c970e4745df',1,1,1,0,NULL,NULL),('9f2d3f961eef11e99cd73c970e4745df',NULL,NULL,'客户管理-联系人-分页','/customerlinkman/linkman_pager','5ef6d21d17fb11e99cd73c970e4745df',1,1,0,0,NULL,NULL),('A730f192180911e99cd73c970e4745df',NULL,NULL,'资源管理','/resource/resource_view','f730f192180911e99cd73c970e4745df',3,1,1,0,NULL,NULL),('b1830499448e11e9af4e3c970e4745df',NULL,NULL,'客户贡献分析','/report/customer_contribution_view','f730f02f180911e99cd73c970e4745df',1,1,1,0,NULL,NULL),('b1db4a311ec411e99cd73c970e4745df',NULL,NULL,'销售计划-执行','/sale/sale_chance_end','12900bef17fb11e99cd73c970e4745df',5,1,0,0,NULL,NULL),('ba38c14d1eef11e99cd73c970e4745df',NULL,NULL,'客户信息-联系人-新增','/customerlinkman/linkman_add','5ef6d21d17fb11e99cd73c970e4745df',2,1,0,0,NULL,NULL),('d66289a119fe11e99cd73c970e4745df',NULL,NULL,'用户管理-分页','/user/user_pager','6ac74fab180a11e99cd73c970e4745df',1,1,0,0,NULL,NULL),('dd25a4091f7811e9bfa23c970e4745df',NULL,NULL,'用户管理-更新','/user/user_update','6ac74fab180a11e99cd73c970e4745df',3,1,0,0,NULL,NULL),('DESbef17fb11e99cd73c970e4745df',NULL,NULL,'资源管理-新增','/resource/add','A730f192180911e99cd73c970e4745df',1,1,0,0,NULL,NULL),('e7e1a6341eec11e99cd73c970e4745df',NULL,NULL,'客户管理-客户详情','/customer/customer_detail_view','5ef6d21d17fb11e99cd73c970e4745df',6,1,1,0,NULL,NULL),('e97cc42117fb11e99cd73c970e4745df',NULL,NULL,'客户管理-分页','/customer/customer_pager','5ef6d21d17fb11e99cd73c970e4745df',1,1,0,0,NULL,NULL),('e97cd3b817fb11e99cd73c970e4745df',NULL,NULL,'客户管理-新建','/customer/customer_add','5ef6d21d17fb11e99cd73c970e4745df',2,1,0,0,NULL,NULL),('e97cd4c017fb11e99cd73c970e4745df',NULL,NULL,'客户管理-编辑','/customer/customer_update','5ef6d21d17fb11e99cd73c970e4745df',3,1,0,0,NULL,NULL),('e97cd55a17fb11e99cd73c970e4745df',NULL,NULL,'客户管理-删除','/customer/customer_delete','5ef6d21d17fb11e99cd73c970e4745df',4,1,0,0,NULL,NULL),('edddd24c1f7f11e9bfa23c970e4745df',NULL,NULL,'用户管理-主页','/user/user_main_view','6ac74fab180a11e99cd73c970e4745df',7,1,0,0,NULL,NULL),('eebf6034193611e99cd73c970e4745df',NULL,NULL,'服务信息','/service/listview','f730d959180911e99cd73c970e4745df',1,1,1,0,NULL,NULL),('f5afcc841ec711e99cd73c970e4745df',NULL,NULL,'角色管理-权限分配','/role/role_resoure_update','6ac75256180a11e99cd73c970e4745df',5,1,0,0,NULL,NULL),('f730d959180911e99cd73c970e4745df',NULL,NULL,'服务管理','','6ac75256180a11e99cd73c970e47457',3,1,1,1,'fa fa-volume-control-phone',NULL),('f730f02f180911e99cd73c970e4745df',NULL,NULL,'统计报表','','6ac75256180a11e99cd73c970e47457',4,1,1,1,'fa fa-area-chart',NULL),('f730f110180911e99cd73c970e4745df',NULL,NULL,'基础数据','','6ac75256180a11e99cd73c970e47457',5,1,1,1,'fa fa-folder-o',NULL),('f730f192180911e99cd73c970e4745df',NULL,NULL,'系统管理','','6ac75256180a11e99cd73c970e47457',6,1,1,1,'fa fa-university',NULL);

/*Table structure for table `tbl_role` */

DROP TABLE IF EXISTS `tbl_role`;

CREATE TABLE `tbl_role` (
  `id` varchar(32) NOT NULL,
  `createdate` datetime DEFAULT NULL,
  `updatedate` datetime DEFAULT NULL,
  `name` varchar(50) NOT NULL,
  `memo` varchar(1000) DEFAULT NULL,
  PRIMARY KEY (`id`)
) ENGINE=InnoDB DEFAULT CHARSET=utf8;

/*Data for the table `tbl_role` */

insert  into `tbl_role`(`id`,`createdate`,`updatedate`,`name`,`memo`) values ('1868e69b260411e990d23c970e4745df',NULL,'2019-09-02 12:43:05','测试角色','大规模'),('1e9ed0db211411e9bfa23c970e4745df',NULL,'2019-09-02 12:43:14','管理系统员','管理系统中的用户.角色与权限的分配，保证系统正常运行。'),('2ed1be91211411e9bfa23c970e4745df',NULL,'2019-09-02 12:43:21','销售总监','创建销售机会;对销售机会指派给指定客户经理,维护客户信息,创建服务'),('3e15c4df211411e9bfa23c970e4745df',NULL,'2019-09-02 12:43:16','客户经理','维护客户信息,接受客户服务要求,处理指派给自身的服务,创建销售机会,处理客户流失'),('46d03442211411e9bfa23c970e4745df',NULL,'2019-09-02 12:43:19','高管','查看客户组成、客户贡献、客户服务与客户流失');

/*Table structure for table `tbl_role_resource` */

DROP TABLE IF EXISTS `tbl_role_resource`;

CREATE TABLE `tbl_role_resource` (
  `rid` varchar(32) NOT NULL,
  `aid` varchar(32) NOT NULL,
  `createdate` datetime DEFAULT NULL,
  `updatedate` datetime DEFAULT NULL,
  PRIMARY KEY (`rid`,`aid`),
  KEY `FK_Reference_10` (`aid`),
  CONSTRAINT `FK_Reference_9` FOREIGN KEY (`rid`) REFERENCES `tbl_role` (`id`),
  CONSTRAINT `fk_aid` FOREIGN KEY (`aid`) REFERENCES `tbl_resource` (`id`)
) ENGINE=InnoDB DEFAULT CHARSET=utf8;

/*Data for the table `tbl_role_resource` */

insert  into `tbl_role_resource`(`rid`,`aid`,`createdate`,`updatedate`) values ('1868e69b260411e990d23c970e4745df','09b070ee1a0111e99cd73c970e4745df',NULL,NULL),('1868e69b260411e990d23c970e4745df','0f13cd101f7911e9bfa23c970e4745df',NULL,NULL),('1868e69b260411e990d23c970e4745df','0f14b1321ec511e99cd73c970e4745df',NULL,NULL),('1868e69b260411e990d23c970e4745df','21421421421421421421',NULL,NULL),('1868e69b260411e990d23c970e4745df','267931a51f7911e9bfa23c970e4745df',NULL,NULL),('1868e69b260411e990d23c970e4745df','34956af51f7811e9bfa23c970e4745df',NULL,NULL),('1868e69b260411e990d23c970e4745df','39fef6671ec311e99cd73c970e4745df',NULL,NULL),('1868e69b260411e990d23c970e4745df','3a7e00e91eef11e99cd73c970e4745df',NULL,NULL),('1868e69b260411e990d23c970e4745df','4352643576453276459870',NULL,NULL),('1868e69b260411e990d23c970e4745df','48f159f71ec311e99cd73c970e4745df',NULL,NULL),('1868e69b260411e990d23c970e4745df','5ef6cf6a17fb11e99cd73c970e4745df',NULL,NULL),('1868e69b260411e990d23c970e4745df','5ef6d21d17fb11e99cd73c970e4745df',NULL,NULL),('1868e69b260411e990d23c970e4745df','5ef6d2de17fb11e99cd73c970e4745df',NULL,NULL),('1868e69b260411e990d23c970e4745df','645cdf9f1ec311e99cd73c970e4745df',NULL,NULL),('1868e69b260411e990d23c970e4745df','6ac74fab180a11e99cd73c970e4745df',NULL,NULL),('1868e69b260411e990d23c970e4745df','6ac75256180a11e99cd73c970e47457',NULL,NULL),('1868e69b260411e990d23c970e4745df','6ac75256180a11e99cd73c970e4745df',NULL,NULL),('1868e69b260411e990d23c970e4745df','7460759d1ec311e99cd73c970e4745df',NULL,NULL),('1868e69b260411e990d23c970e4745df','836392c21ec311e99cd73c970e4745df',NULL,NULL),('1868e69b260411e990d23c970e4745df','990bec39180a11e99cd73c970e4745df',NULL,NULL),('1868e69b260411e990d23c970e4745df','990beed4180a11e99cd73c970e4745df',NULL,NULL),('1868e69b260411e990d23c970e4745df','9f2d3f961eef11e99cd73c970e4745df',NULL,NULL),('1868e69b260411e990d23c970e4745df','A730f192180911e99cd73c970e4745df',NULL,NULL),('1868e69b260411e990d23c970e4745df','ba38c14d1eef11e99cd73c970e4745df',NULL,NULL),('1868e69b260411e990d23c970e4745df','d66289a119fe11e99cd73c970e4745df',NULL,NULL),('1868e69b260411e990d23c970e4745df','dd25a4091f7811e9bfa23c970e4745df',NULL,NULL),('1868e69b260411e990d23c970e4745df','DESbef17fb11e99cd73c970e4745df',NULL,NULL),('1868e69b260411e990d23c970e4745df','e7e1a6341eec11e99cd73c970e4745df',NULL,NULL),('1868e69b260411e990d23c970e4745df','e97cc42117fb11e99cd73c970e4745df',NULL,NULL),('1868e69b260411e990d23c970e4745df','e97cd3b817fb11e99cd73c970e4745df',NULL,NULL),('1868e69b260411e990d23c970e4745df','e97cd4c017fb11e99cd73c970e4745df',NULL,NULL),('1868e69b260411e990d23c970e4745df','e97cd55a17fb11e99cd73c970e4745df',NULL,NULL),('1868e69b260411e990d23c970e4745df','edddd24c1f7f11e9bfa23c970e4745df',NULL,NULL),('1868e69b260411e990d23c970e4745df','f5afcc841ec711e99cd73c970e4745df',NULL,NULL),('1868e69b260411e990d23c970e4745df','f730f110180911e99cd73c970e4745df',NULL,NULL),('1868e69b260411e990d23c970e4745df','f730f192180911e99cd73c970e4745df',NULL,NULL),('1e9ed0db211411e9bfa23c970e4745df','09b070ee1a0111e99cd73c970e4745df',NULL,NULL),('1e9ed0db211411e9bfa23c970e4745df','0f13cd101f7911e9bfa23c970e4745df',NULL,NULL),('1e9ed0db211411e9bfa23c970e4745df','0f14b1321ec511e99cd73c970e4745df',NULL,NULL),('1e9ed0db211411e9bfa23c970e4745df','129008b617fb11e99cd73c970e4745df',NULL,NULL),('1e9ed0db211411e9bfa23c970e4745df','12900b2517fb11e99cd73c970e4745df',NULL,NULL),('1e9ed0db211411e9bfa23c970e4745df','12900bef17fb11e99cd73c970e4745df',NULL,NULL),('1e9ed0db211411e9bfa23c970e4745df','13a6e95f17fc11e99cd73c970e4745df',NULL,NULL),('1e9ed0db211411e9bfa23c970e4745df','13a6ec3517fc11e99cd73c970e4745df',NULL,NULL),('1e9ed0db211411e9bfa23c970e4745df','13a6ece717fc11e99cd73c970e4745df',NULL,NULL),('1e9ed0db211411e9bfa23c970e4745df','13a6ed9017fc11e99cd73c970e4745df',NULL,NULL),('1e9ed0db211411e9bfa23c970e4745df','189c89ed193711e99cd73c970e4745df',NULL,NULL),('1e9ed0db211411e9bfa23c970e4745df','20190804164404',NULL,NULL),('1e9ed0db211411e9bfa23c970e4745df','21421421421421421421',NULL,NULL),('1e9ed0db211411e9bfa23c970e4745df','267931a51f7911e9bfa23c970e4745df',NULL,NULL),('1e9ed0db211411e9bfa23c970e4745df','282795c8193711e99cd73c970e4745df',NULL,NULL),('1e9ed0db211411e9bfa23c970e4745df','341b965e193711e99cd73c970e4745df',NULL,NULL),('1e9ed0db211411e9bfa23c970e4745df','34956af51f7811e9bfa23c970e4745df',NULL,NULL),('1e9ed0db211411e9bfa23c970e4745df','39fef6671ec311e99cd73c970e4745df',NULL,NULL),('1e9ed0db211411e9bfa23c970e4745df','3a7e00e91eef11e99cd73c970e4745df',NULL,NULL),('1e9ed0db211411e9bfa23c970e4745df','4352643576453276459870',NULL,NULL),('1e9ed0db211411e9bfa23c970e4745df','439d100c193711e99cd73c970e4745df',NULL,NULL),('1e9ed0db211411e9bfa23c970e4745df','48f159f71ec311e99cd73c970e4745df',NULL,NULL),('1e9ed0db211411e9bfa23c970e4745df','4c5eba261ec411e99cd73c970e4745df',NULL,NULL),('1e9ed0db211411e9bfa23c970e4745df','5b2627ed198d11e99cd73c970e4745df',NULL,NULL),('1e9ed0db211411e9bfa23c970e4745df','5ef6cf6a17fb11e99cd73c970e4745df',NULL,NULL),('1e9ed0db211411e9bfa23c970e4745df','5ef6d21d17fb11e99cd73c970e4745df',NULL,NULL),('1e9ed0db211411e9bfa23c970e4745df','5ef6d2de17fb11e99cd73c970e4745df',NULL,NULL),('1e9ed0db211411e9bfa23c970e4745df','645cdf9f1ec311e99cd73c970e4745df',NULL,NULL),('1e9ed0db211411e9bfa23c970e4745df','649354ec1edd11e99cd73c970e4745df',NULL,NULL),('1e9ed0db211411e9bfa23c970e4745df','67e2ad1a46f811e9bbac3c970e4745df',NULL,NULL),('1e9ed0db211411e9bfa23c970e4745df','6a5f84391ec411e99cd73c970e4745df',NULL,NULL),('1e9ed0db211411e9bfa23c970e4745df','6ac74fab180a11e99cd73c970e4745df',NULL,NULL),('1e9ed0db211411e9bfa23c970e4745df','6ac75256180a11e99cd73c970e47457',NULL,NULL),('1e9ed0db211411e9bfa23c970e4745df','6ac75256180a11e99cd73c970e4745df',NULL,NULL),('1e9ed0db211411e9bfa23c970e4745df','7460759d1ec311e99cd73c970e4745df',NULL,NULL),('1e9ed0db211411e9bfa23c970e4745df','7f1ac67f46f811e9bbac3c970e4745df',NULL,NULL),('1e9ed0db211411e9bfa23c970e4745df','836392c21ec311e99cd73c970e4745df',NULL,NULL),('1e9ed0db211411e9bfa23c970e4745df','88fb14371ec411e99cd73c970e4745df',NULL,NULL),('1e9ed0db211411e9bfa23c970e4745df','9819468e448e11e9af4e3c970e4745df',NULL,NULL),('1e9ed0db211411e9bfa23c970e4745df','990bec39180a11e99cd73c970e4745df',NULL,NULL),('1e9ed0db211411e9bfa23c970e4745df','990beed4180a11e99cd73c970e4745df',NULL,NULL),('1e9ed0db211411e9bfa23c970e4745df','9f2d3f961eef11e99cd73c970e4745df',NULL,NULL),('1e9ed0db211411e9bfa23c970e4745df','A730f192180911e99cd73c970e4745df',NULL,NULL),('1e9ed0db211411e9bfa23c970e4745df','b1830499448e11e9af4e3c970e4745df',NULL,NULL),('1e9ed0db211411e9bfa23c970e4745df','b1db4a311ec411e99cd73c970e4745df',NULL,NULL),('1e9ed0db211411e9bfa23c970e4745df','ba38c14d1eef11e99cd73c970e4745df',NULL,NULL),('1e9ed0db211411e9bfa23c970e4745df','d66289a119fe11e99cd73c970e4745df',NULL,NULL),('1e9ed0db211411e9bfa23c970e4745df','dd25a4091f7811e9bfa23c970e4745df',NULL,NULL),('1e9ed0db211411e9bfa23c970e4745df','DESbef17fb11e99cd73c970e4745df',NULL,NULL),('1e9ed0db211411e9bfa23c970e4745df','e7e1a6341eec11e99cd73c970e4745df',NULL,NULL),('1e9ed0db211411e9bfa23c970e4745df','e97cc42117fb11e99cd73c970e4745df',NULL,NULL),('1e9ed0db211411e9bfa23c970e4745df','e97cd3b817fb11e99cd73c970e4745df',NULL,NULL),('1e9ed0db211411e9bfa23c970e4745df','e97cd4c017fb11e99cd73c970e4745df',NULL,NULL),('1e9ed0db211411e9bfa23c970e4745df','e97cd55a17fb11e99cd73c970e4745df',NULL,NULL),('1e9ed0db211411e9bfa23c970e4745df','edddd24c1f7f11e9bfa23c970e4745df',NULL,NULL),('1e9ed0db211411e9bfa23c970e4745df','eebf6034193611e99cd73c970e4745df',NULL,NULL),('1e9ed0db211411e9bfa23c970e4745df','f5afcc841ec711e99cd73c970e4745df',NULL,NULL),('1e9ed0db211411e9bfa23c970e4745df','f730d959180911e99cd73c970e4745df',NULL,NULL),('1e9ed0db211411e9bfa23c970e4745df','f730f02f180911e99cd73c970e4745df',NULL,NULL),('1e9ed0db211411e9bfa23c970e4745df','f730f110180911e99cd73c970e4745df',NULL,NULL),('1e9ed0db211411e9bfa23c970e4745df','f730f192180911e99cd73c970e4745df',NULL,NULL),('2ed1be91211411e9bfa23c970e4745df','129008b617fb11e99cd73c970e4745df',NULL,NULL),('2ed1be91211411e9bfa23c970e4745df','12900b2517fb11e99cd73c970e4745df',NULL,NULL),('2ed1be91211411e9bfa23c970e4745df','12900bef17fb11e99cd73c970e4745df',NULL,NULL),('2ed1be91211411e9bfa23c970e4745df','13a6e95f17fc11e99cd73c970e4745df',NULL,NULL),('2ed1be91211411e9bfa23c970e4745df','13a6ec3517fc11e99cd73c970e4745df',NULL,NULL),('2ed1be91211411e9bfa23c970e4745df','13a6ece717fc11e99cd73c970e4745df',NULL,NULL),('2ed1be91211411e9bfa23c970e4745df','13a6ed9017fc11e99cd73c970e4745df',NULL,NULL),('2ed1be91211411e9bfa23c970e4745df','189c89ed193711e99cd73c970e4745df',NULL,NULL),('2ed1be91211411e9bfa23c970e4745df','282795c8193711e99cd73c970e4745df',NULL,NULL),('2ed1be91211411e9bfa23c970e4745df','341b965e193711e99cd73c970e4745df',NULL,NULL),('2ed1be91211411e9bfa23c970e4745df','3a7e00e91eef11e99cd73c970e4745df',NULL,NULL),('2ed1be91211411e9bfa23c970e4745df','439d100c193711e99cd73c970e4745df',NULL,NULL),('2ed1be91211411e9bfa23c970e4745df','4c5eba261ec411e99cd73c970e4745df',NULL,NULL),('2ed1be91211411e9bfa23c970e4745df','5b2627ed198d11e99cd73c970e4745df',NULL,NULL),('2ed1be91211411e9bfa23c970e4745df','5ef6cf6a17fb11e99cd73c970e4745df',NULL,NULL),('2ed1be91211411e9bfa23c970e4745df','5ef6d21d17fb11e99cd73c970e4745df',NULL,NULL),('2ed1be91211411e9bfa23c970e4745df','5ef6d2de17fb11e99cd73c970e4745df',NULL,NULL),('2ed1be91211411e9bfa23c970e4745df','649354ec1edd11e99cd73c970e4745df',NULL,NULL),('2ed1be91211411e9bfa23c970e4745df','6a5f84391ec411e99cd73c970e4745df',NULL,NULL),('2ed1be91211411e9bfa23c970e4745df','6ac75256180a11e99cd73c970e47457',NULL,NULL),('2ed1be91211411e9bfa23c970e4745df','88fb14371ec411e99cd73c970e4745df',NULL,NULL),('2ed1be91211411e9bfa23c970e4745df','9819468e448e11e9af4e3c970e4745df',NULL,NULL),('2ed1be91211411e9bfa23c970e4745df','9f2d3f961eef11e99cd73c970e4745df',NULL,NULL),('2ed1be91211411e9bfa23c970e4745df','b1830499448e11e9af4e3c970e4745df',NULL,NULL),('2ed1be91211411e9bfa23c970e4745df','b1db4a311ec411e99cd73c970e4745df',NULL,NULL),('2ed1be91211411e9bfa23c970e4745df','ba38c14d1eef11e99cd73c970e4745df',NULL,NULL),('2ed1be91211411e9bfa23c970e4745df','e7e1a6341eec11e99cd73c970e4745df',NULL,NULL),('2ed1be91211411e9bfa23c970e4745df','e97cc42117fb11e99cd73c970e4745df',NULL,NULL),('2ed1be91211411e9bfa23c970e4745df','e97cd3b817fb11e99cd73c970e4745df',NULL,NULL),('2ed1be91211411e9bfa23c970e4745df','e97cd4c017fb11e99cd73c970e4745df',NULL,NULL),('2ed1be91211411e9bfa23c970e4745df','e97cd55a17fb11e99cd73c970e4745df',NULL,NULL),('2ed1be91211411e9bfa23c970e4745df','eebf6034193611e99cd73c970e4745df',NULL,NULL),('2ed1be91211411e9bfa23c970e4745df','f730d959180911e99cd73c970e4745df',NULL,NULL),('2ed1be91211411e9bfa23c970e4745df','f730f02f180911e99cd73c970e4745df',NULL,NULL),('46d03442211411e9bfa23c970e4745df','6ac75256180a11e99cd73c970e47457',NULL,NULL),('46d03442211411e9bfa23c970e4745df','9819468e448e11e9af4e3c970e4745df',NULL,NULL),('46d03442211411e9bfa23c970e4745df','990bec39180a11e99cd73c970e4745df',NULL,NULL),('46d03442211411e9bfa23c970e4745df','990beed4180a11e99cd73c970e4745df',NULL,NULL),('46d03442211411e9bfa23c970e4745df','b1830499448e11e9af4e3c970e4745df',NULL,NULL),('46d03442211411e9bfa23c970e4745df','f730f02f180911e99cd73c970e4745df',NULL,NULL),('46d03442211411e9bfa23c970e4745df','f730f110180911e99cd73c970e4745df',NULL,NULL);

/*Table structure for table `tbl_sale_chance` */

DROP TABLE IF EXISTS `tbl_sale_chance`;

CREATE TABLE `tbl_sale_chance` (
  `id` varchar(32) NOT NULL,
  `createdate` datetime DEFAULT NULL,
  `updatedate` datetime DEFAULT NULL,
  `source` varchar(50) DEFAULT NULL COMMENT '机会来源',
  `cname` varchar(100) DEFAULT NULL COMMENT '客户名称',
  `lname` varchar(20) DEFAULT NULL COMMENT '联系人',
  `ltel1` varchar(20) DEFAULT NULL COMMENT '联系电话',
  `ltel2` varchar(20) DEFAULT NULL COMMENT '联系电话',
  `caddr` varchar(20) DEFAULT NULL COMMENT '客户联系地址',
  `summay` varchar(100) DEFAULT NULL COMMENT '摘要',
  `detail` varchar(500) DEFAULT NULL COMMENT '需求详情',
  `cuid` varchar(32) DEFAULT NULL COMMENT '机会创建者',
  `auid` varchar(32) DEFAULT NULL COMMENT '指派者',
  `duid` varchar(32) DEFAULT NULL COMMENT '被指派的客户经理',
  `status` varchar(20) NOT NULL DEFAULT '0' COMMENT '0:待指派1：已指派 2：关闭3：开发成功',
  PRIMARY KEY (`id`),
  KEY `OPT_CST_NO` (`cname`),
  KEY `fk_user` (`cuid`),
  KEY `auid` (`auid`),
  KEY `duid` (`duid`),
  CONSTRAINT `fk_user` FOREIGN KEY (`cuid`) REFERENCES `tbl_user` (`id`),
  CONSTRAINT `tbl_sale_chance_ibfk_1` FOREIGN KEY (`auid`) REFERENCES `tbl_user` (`id`),
  CONSTRAINT `tbl_sale_chance_ibfk_2` FOREIGN KEY (`duid`) REFERENCES `tbl_user` (`id`)
) ENGINE=InnoDB DEFAULT CHARSET=utf8;

/*Data for the table `tbl_sale_chance` */

insert  into `tbl_sale_chance`(`id`,`createdate`,`updatedate`,`source`,`cname`,`lname`,`ltel1`,`ltel2`,`caddr`,`summay`,`detail`,`cuid`,`auid`,`duid`,`status`) values ('17ed74c8149e49eab7ccb3edf27ac5db','2019-09-02 10:16:57',NULL,'ss','江苏教育科教有限公司-1','2121',NULL,NULL,NULL,'21212','2121',NULL,NULL,NULL,'0'),('3c21aeb648c84abdbd4e1fbe9cd5b562','2019-09-02 10:19:43',NULL,'ss','江苏教育科教有限公司-1','2121',NULL,NULL,NULL,'21212','2121',NULL,NULL,NULL,'0'),('7d56c141ac474b7981b39357b24ce924','2019-09-02 11:51:07','2019-09-02 11:51:07','33','dfsfvsfsa','321321',NULL,NULL,NULL,'321321','23432',NULL,NULL,NULL,'0'),('86e7a5816dc94799bd23a019da985a6f','2019-09-02 10:18:01',NULL,'ss','江苏教育科教有限公司-1','2121',NULL,NULL,NULL,'21212','2121',NULL,NULL,NULL,'0'),('c0898b8a0ba64414afb3104573404dd1','2019-09-02 11:40:53','2019-09-02 11:40:53','3','323232','3232',NULL,NULL,NULL,'3232','33323232',NULL,NULL,NULL,'0'),('d6c8817527c3426ea0c3ee5f306d1298','2019-09-02 11:39:59','2019-09-02 11:39:59','ad','江苏教育科教有限公司-7','sadsa',NULL,NULL,NULL,'sadada','122121',NULL,NULL,NULL,'0'),('org1567425154945','2019-09-02 11:53:54','2019-09-02 11:53:54','2332','23233','3232',NULL,NULL,NULL,'323223','332',NULL,NULL,NULL,'0'),('sal1567425368290','2019-09-02 11:56:08','2019-09-02 11:56:08','fdsa','fdsa','3232',NULL,NULL,NULL,'3232','2323',NULL,NULL,NULL,'0'),('sc20190801055007','2019-09-02 17:20:52',NULL,'老带新用户','江苏教育科教有限公司','tom','110',NULL,'总经理','买1台 IPHONE MX','一次喝菜时聊起的',NULL,NULL,NULL,'3'),('sc20190801175257','2019-09-02 17:20:54',NULL,'33332','222','32332','33232',NULL,'323232','3233232','323232',NULL,NULL,NULL,'3'),('sc20190824174427','2019-09-02 17:20:56',NULL,'dsss','江苏教育科教有限公司-1','dsfa','2212121',NULL,'212','122121','2121212121',NULL,NULL,NULL,'2');

/*Table structure for table `tbl_sale_plan` */

DROP TABLE IF EXISTS `tbl_sale_plan`;

CREATE TABLE `tbl_sale_plan` (
  `id` varchar(32) NOT NULL COMMENT '计划编号',
  `createdate` datetime DEFAULT NULL COMMENT '计划制定时间',
  `modifydate` datetime DEFAULT NULL,
  `cid` varchar(32) DEFAULT NULL COMMENT '机会编号',
  `cuid` varchar(32) DEFAULT NULL COMMENT '销售计划制定者',
  `auid` varchar(32) DEFAULT NULL COMMENT '指派者',
  `acreatedate` datetime DEFAULT NULL COMMENT '指派时间',
  `duid` varchar(32) DEFAULT NULL COMMENT '被指派者',
  `dcreatedate` varchar(1000) DEFAULT NULL COMMENT '实施时间',
  `status` int(1) DEFAULT '0' COMMENT '计划状态 0：正在执行 1：执行成功 2：执行失败',
  `result` varchar(1000) DEFAULT NULL COMMENT '执行结果',
  PRIMARY KEY (`id`),
  KEY `pla_chc_id` (`cid`),
  KEY `pla_user` (`cuid`),
  KEY `auid` (`auid`),
  KEY `duid` (`duid`),
  CONSTRAINT `tbl_sale_plan_ibfk_1` FOREIGN KEY (`cid`) REFERENCES `tbl_sale_chance` (`id`),
  CONSTRAINT `tbl_sale_plan_ibfk_2` FOREIGN KEY (`cuid`) REFERENCES `tbl_user` (`id`),
  CONSTRAINT `tbl_sale_plan_ibfk_3` FOREIGN KEY (`auid`) REFERENCES `tbl_user` (`id`),
  CONSTRAINT `tbl_sale_plan_ibfk_4` FOREIGN KEY (`duid`) REFERENCES `tbl_user` (`id`)
) ENGINE=InnoDB DEFAULT CHARSET=utf8;

/*Data for the table `tbl_sale_plan` */

insert  into `tbl_sale_plan`(`id`,`createdate`,`modifydate`,`cid`,`cuid`,`auid`,`acreatedate`,`duid`,`dcreatedate`,`status`,`result`) values ('sp20190802105519',NULL,NULL,'sc20190801055007',NULL,NULL,NULL,NULL,'一起喝酒，唱K',0,'喝的很开心，期待下回一起打牌'),('sp20190823095225',NULL,NULL,'sc20190801175257',NULL,NULL,NULL,NULL,'fdsafa',1,'fdssfd');

/*Table structure for table `tbl_service` */

DROP TABLE IF EXISTS `tbl_service`;

CREATE TABLE `tbl_service` (
  `id` varchar(32) NOT NULL COMMENT '服务编号',
  `createdate` datetime NOT NULL COMMENT '创建日期',
  `modifydate` datetime DEFAULT NULL,
  `cid` varchar(32) DEFAULT NULL COMMENT '客户编号',
  `stid` varchar(20) NOT NULL DEFAULT '0' COMMENT '服务类型',
  `type` varchar(32) DEFAULT NULL COMMENT '服务类型',
  `summary` varchar(20) NOT NULL COMMENT '服务摘要',
  `status` varchar(20) NOT NULL COMMENT '服务状态 0:新建(待分配) 1：以分配(待处理) 2:以处理(待反馈) 3:处理完成（待归档） 4:以归档',
  `detail` varchar(500) NOT NULL COMMENT '服务详情',
  `cuid` varchar(32) NOT NULL COMMENT '创建人编号',
  `fauid` varchar(32) DEFAULT NULL COMMENT '服务反馈指派者',
  `facreatetime` datetime DEFAULT NULL COMMENT '服务反馈指派日期',
  `fduid` varchar(32) DEFAULT NULL COMMENT '服务反馈处理人编号',
  `fdcreatetime` datetime DEFAULT NULL COMMENT '服务反馈调查日期',
  `fresult` varchar(100) DEFAULT NULL COMMENT '服务反馈调查结果',
  `fsatisfy` int(1) DEFAULT NULL COMMENT '反馈的服务满意度',
  PRIMARY KEY (`id`),
  KEY `SVC_CREATE_NO` (`cuid`),
  KEY `SVC_DEAL_NO` (`fduid`),
  KEY `FK_Reference_6` (`cid`),
  KEY `stid` (`stid`),
  KEY `fauid` (`fauid`),
  KEY `type` (`type`),
  CONSTRAINT `tbl_service_ibfk_1` FOREIGN KEY (`stid`) REFERENCES `tbl_service_type` (`id`),
  CONSTRAINT `tbl_service_ibfk_2` FOREIGN KEY (`cid`) REFERENCES `tbl_customer` (`id`),
  CONSTRAINT `tbl_service_ibfk_3` FOREIGN KEY (`cuid`) REFERENCES `tbl_user` (`id`),
  CONSTRAINT `tbl_service_ibfk_4` FOREIGN KEY (`fduid`) REFERENCES `tbl_user` (`id`),
  CONSTRAINT `tbl_service_ibfk_5` FOREIGN KEY (`fauid`) REFERENCES `tbl_user` (`id`),
  CONSTRAINT `tbl_service_ibfk_6` FOREIGN KEY (`type`) REFERENCES `tbl_service_type` (`id`)
) ENGINE=InnoDB DEFAULT CHARSET=utf8;

/*Data for the table `tbl_service` */

insert  into `tbl_service`(`id`,`createdate`,`modifydate`,`cid`,`stid`,`type`,`summary`,`status`,`detail`,`cuid`,`fauid`,`facreatetime`,`fduid`,`fdcreatetime`,`fresult`,`fsatisfy`) values ('svc20190806142317','2019-06-01 14:22:58',NULL,'cst20190802110140','tst1001',NULL,'fdsa','3','fdsafdsa','0c9f7ee9243111e990d23c970e4745df',NULL,NULL,NULL,NULL,NULL,3),('svc20190806142328','2019-07-08 00:00:00',NULL,'cst20190802110140','tst1000',NULL,'fdsa','4','fdsafdsa','0c9f7ee9243111e990d23c970e4745df',NULL,NULL,NULL,NULL,NULL,4),('svc20190806142347','2019-06-17 00:00:00',NULL,'cst20190802110140','tst1001',NULL,'fdsa','3','fdsafdsa','0c9f7ee9243111e990d23c970e4745df',NULL,NULL,NULL,NULL,NULL,5),('svc20190806142357','2019-06-25 00:00:00',NULL,'cst20190802110140','tst1002',NULL,'fdsa','4','fdsafdsa','0c9f7ee9243111e990d23c970e4745df',NULL,NULL,NULL,NULL,NULL,3),('svc20190806142403','2019-08-04 00:00:00',NULL,'cst20190802110140','tst1001',NULL,'fdsa','4','fdsafdsa','0c9f7ee9243111e990d23c970e4745df',NULL,NULL,NULL,NULL,NULL,4),('svc20190806142413','2019-07-08 00:00:00',NULL,'cst20190802110140','tst1002',NULL,'fdsa','4','fdsafdsa','0c9f7ee9243111e990d23c970e4745df',NULL,NULL,NULL,NULL,NULL,5),('svc20190806142419','2019-08-05 00:00:00',NULL,'cst20190802110140','tst1000',NULL,'fdsa','3','fdsafdsa','0c9f7ee9243111e990d23c970e4745df',NULL,NULL,NULL,NULL,NULL,3);

/*Table structure for table `tbl_service_items` */

DROP TABLE IF EXISTS `tbl_service_items`;

CREATE TABLE `tbl_service_items` (
  `id` varchar(32) DEFAULT NULL,
  `createdate` datetime DEFAULT NULL,
  `updatedate` datetime DEFAULT NULL,
  `sid` varchar(32) DEFAULT NULL COMMENT '服务ID',
  `auid` varchar(32) DEFAULT NULL COMMENT '指派者',
  `acreatedate` datetime DEFAULT NULL COMMENT '指派日期',
  `amemo` varchar(500) DEFAULT NULL COMMENT '指派备注',
  `duid` varchar(32) DEFAULT NULL COMMENT '实施者',
  `dcreatedate` datetime DEFAULT NULL COMMENT '实施时间',
  `dresult` varchar(500) DEFAULT NULL COMMENT '实施结果',
  KEY `sid` (`sid`),
  KEY `auid` (`auid`),
  KEY `duid` (`duid`),
  CONSTRAINT `tbl_service_items_ibfk_1` FOREIGN KEY (`sid`) REFERENCES `tbl_service` (`id`),
  CONSTRAINT `tbl_service_items_ibfk_2` FOREIGN KEY (`auid`) REFERENCES `tbl_user` (`id`),
  CONSTRAINT `tbl_service_items_ibfk_3` FOREIGN KEY (`duid`) REFERENCES `tbl_user` (`id`)
) ENGINE=InnoDB DEFAULT CHARSET=utf8;

/*Data for the table `tbl_service_items` */

/*Table structure for table `tbl_service_type` */

DROP TABLE IF EXISTS `tbl_service_type`;

CREATE TABLE `tbl_service_type` (
  `id` varchar(32) NOT NULL,
  `createdate` datetime DEFAULT NULL,
  `updatedate` datetime DEFAULT NULL,
  `name` varchar(50) DEFAULT NULL,
  `memo` varchar(500) DEFAULT NULL,
  PRIMARY KEY (`id`)
) ENGINE=InnoDB DEFAULT CHARSET=utf8;

/*Data for the table `tbl_service_type` */

insert  into `tbl_service_type`(`id`,`createdate`,`updatedate`,`name`,`memo`) values ('tst1000','2019-08-06 14:35:03','2019-08-06 14:35:06','咨询',NULL),('tst1001','2019-08-06 14:35:08','2019-08-06 14:35:11','建议',NULL),('tst1002','2019-08-06 14:35:13','2019-08-06 14:35:16','投诉',NULL);

/*Table structure for table `tbl_user` */

DROP TABLE IF EXISTS `tbl_user`;

CREATE TABLE `tbl_user` (
  `id` varchar(32) NOT NULL,
  `createdate` datetime DEFAULT NULL,
  `updatedate` datetime DEFAULT NULL,
  `code` varchar(32) DEFAULT NULL,
  `name` varchar(20) NOT NULL,
  `password` varchar(32) NOT NULL DEFAULT '12345678',
  `gender` varchar(20) DEFAULT NULL,
  `tel` varchar(20) DEFAULT NULL,
  `addr` varchar(100) DEFAULT NULL,
  `remark` varchar(500) DEFAULT NULL,
  `state` varchar(10) DEFAULT NULL COMMENT '0:正常 1：禁用',
  `rid` varchar(32) DEFAULT NULL,
  PRIMARY KEY (`id`),
  KEY `fk_rid` (`rid`),
  CONSTRAINT `tbl_user_ibfk_1` FOREIGN KEY (`rid`) REFERENCES `tbl_role` (`id`)
) ENGINE=InnoDB DEFAULT CHARSET=utf8;

/*Data for the table `tbl_user` */

insert  into `tbl_user`(`id`,`createdate`,`updatedate`,`code`,`name`,`password`,`gender`,`tel`,`addr`,`remark`,`state`,`rid`) values ('0c9f7ee9243111e990d23c970e4745df',NULL,NULL,'1234','rose','a3ee8eafa6c67af865dfb153c86a6920','1','110','江苏南通','好人','0','1e9ed0db211411e9bfa23c970e4745df'),('113f7229249c11e990d23c970e4745df',NULL,NULL,'1122','jacks','a3ee8eafa6c67af865dfb153c86a6920','0','18961297987','','','0','1868e69b260411e990d23c970e4745df'),('3ca0c5310d2211e9beb53c970e4745df',NULL,NULL,'7895','MIKE','cb3c95b7667de147854dcdcfa090c0e1','0','13584329668','FDSAFDSA','','0','46d03442211411e9bfa23c970e4745df'),('4d1021b722aa11e9bfa23c970e4745df',NULL,NULL,'7894','Jack','cb3c95b7667de147854dcdcfa090c0e1','0','123456','','','0','3e15c4df211411e9bfa23c970e4745df'),('9d414de2fdb111e792a33c970e4745df',NULL,NULL,'9900','李四','cb3c95b7667de147854dcdcfa090c0e1','0','323232','3232332','','0','2ed1be91211411e9bfa23c970e4745df'),('ad0f52d8211411e9bfa23c970e4745df',NULL,NULL,'7788','樊建华','cb3c95b7667de147854dcdcfa090c0e1','0','18961297987','江苏常州','','0','46d03442211411e9bfa23c970e4745df');

/*Table structure for table `tbl_user_role` */

DROP TABLE IF EXISTS `tbl_user_role`;

CREATE TABLE `tbl_user_role` (
  `rid` varchar(32) NOT NULL COMMENT '引用角色主键',
  `uid` varchar(32) NOT NULL COMMENT '引用用户主键',
  PRIMARY KEY (`rid`,`uid`),
  KEY `fk_uid` (`uid`),
  CONSTRAINT `fk_rid` FOREIGN KEY (`rid`) REFERENCES `tbl_role` (`id`),
  CONSTRAINT `fk_uid` FOREIGN KEY (`uid`) REFERENCES `tbl_user` (`id`)
) ENGINE=InnoDB DEFAULT CHARSET=utf8;

/*Data for the table `tbl_user_role` */

insert  into `tbl_user_role`(`rid`,`uid`) values ('1e9ed0db211411e9bfa23c970e4745df','ad0f52d8211411e9bfa23c970e4745df');

/* Procedure structure for procedure `serviceComposeProc` */

/*!50003 DROP PROCEDURE IF EXISTS  `serviceComposeProc` */;

DELIMITER $$

/*!50003 CREATE DEFINER=`root`@`localhost` PROCEDURE `serviceComposeProc`(in bdate datetime,in edate datetime)
BEGIN
	
	
    END */$$
DELIMITER ;

/* Procedure structure for procedure `testProc` */

/*!50003 DROP PROCEDURE IF EXISTS  `testProc` */;

DELIMITER $$

/*!50003 CREATE DEFINER=`root`@`localhost` PROCEDURE `testProc`()
BEGIN
    END */$$
DELIMITER ;

/*!40101 SET SQL_MODE=@OLD_SQL_MODE */;
/*!40014 SET FOREIGN_KEY_CHECKS=@OLD_FOREIGN_KEY_CHECKS */;
/*!40014 SET UNIQUE_CHECKS=@OLD_UNIQUE_CHECKS */;
/*!40111 SET SQL_NOTES=@OLD_SQL_NOTES */;
